"StateDistrict","Year","LaborForce","Name"
"Alabama  1","10","72.40000","Bonner, Jo"
"Alabama  1","12","71.90000","Bonner, Jo"
"Alabama  1","14","75.90000","Byrne, Bradley"
"Alabama  1","16","69.99048","Byrne, Bradley"
"Alabama  2","10","69.90000","Bright, Bobby"
"Alabama  2","12","68.70000","Roby, Martha"
"Alabama  2","14","72.90000","Roby, Martha"
"Alabama  2","16","68.10000","Roby, Martha"
"Alabama  3","10","68.90000","Rogers, Mike"
"Alabama  3","12","71.00000","Rogers, Mike"
"Alabama  3","14","74.60000","Rogers, Mike"
"Alabama  3","16","65.50000","Rogers, Mike"
"Alabama  4","10","70.31053","Aderholt, Robert"
"Alabama  4","12","73.00000","Aderholt, Robert"
"Alabama  4","14","73.90000","Aderholt, Robert"
"Alabama  4","16","66.30000","Aderholt, Robert"
"Alabama  5","10","71.37143","Griffith, Parker"
"Alabama  5","12","73.10000","Brooks, Mo"
"Alabama  5","14","75.20000","Brooks, Mo"
"Alabama  5","16","66.20000","Brooks, Mo"
"Alabama  6","10","73.00000","Bachus, Spencer"
"Alabama  6","12","70.86842","Bachus, Spencer"
"Alabama  6","16","66.30000","Palmer, Gary"
"Alabama  7","12","68.68571","Sewell, Terri A."
"Alabama  7","14","76.60000","Sewell, Terri A."
"Alabama  7","16","68.50000","Sewell, Terri A."
"Alaska  0","10","73.20000","Young, Don"
"Alaska  0","12","65.90000","Young, Don"
"Alaska  0","14","76.22381","Young, Don"
"Alaska  0","16","72.80000","Young, Don"
"Arizona  1","10","72.30000","Kirkpatrick, Ann"
"Arizona  1","14","75.50000","Kirkpatrick, Ann"
"Arizona  2","10","71.10000","Franks, Trent"
"Arizona  2","12","65.70000","Barber, Ron "
"Arizona  2","14","76.50000","Barber, Ron"
"Arizona  2","16","69.10000","McSally, Martha"
"Arizona  3","12","64.90000","Grijalva, Raúl M."
"Arizona  3","14","76.70000","Grijalva, Raul "
"Arizona  3","16","69.90000","Grijalva, Raúl"
"Arizona  4","10","70.03158","Pastor, Ed"
"Arizona  4","12","71.80000","Gosar, Raul"
"Arizona  4","14","75.50000","Gosar, Paul"
"Arizona  4","16","69.70000","Gosar, Paul"
"Arizona  5","10","68.71429","Mitchell, Harry"
"Arizona  5","14","75.80000","Salmon, Matt"
"Arizona  6","10","68.40000","Flake, Jeff"
"Arizona  6","12","68.34737","Quayle, Ben"
"Arizona  6","12","68.34737","Schweikert, David"
"Arizona  6","14","77.40000","Schweikert, David "
"Arizona  6","16","71.10000","Schweikert, David"
"Arizona  7","10","66.70000","Grijalva, Raúl M."
"Arizona  7","12","65.03810","Pastor, Ed"
"Arizona  7","16","68.90000","Gallego, Ruben"
"Arizona  8","10","67.20000","Giffords, Gabrielle"
"Arizona  8","12","63.00000","Franks, Trent "
"Arizona  8","14","76.43684","Franks, Trent"
"Arizona  8","16","76.10000","Franks, Trent"
"Arkansas  1","12","59.80000","Crawford, Rick "
"Arkansas  1","14","74.50000","Crawford, Rick "
"Arkansas  1","16","78.03158","Crawford, Rick "
"Arkansas  2","12","61.00000","Griffin, Tim "
"Arkansas  2","16","79.08571","Hill, French"
"Arkansas  3","12","61.20000","Womack, Steve"
"Arkansas  3","14","73.30000","Womack, Steve"
"Arkansas  3","16","79.80000","Womack, Steve"
"Arkansas  4","10","75.70000","Ross, Mike"
"Arkansas  4","16","79.80000","Westerman, Bruce"
"California  1","10","68.45714","Thompson, Mike"
"California  1","14","73.50000","La Malfa, Doug"
"California  1","16","79.80000","La Malfa, Doug"
"California  2","10","65.60000","Herger, Wally "
"California  2","14","77.10000","Huffman, Jared"
"California  2","16","79.50000","Huffman, Jared W."
"California  3","10","66.10000","Lungren, Dan"
"California  3","12","74.68571","Garamendi, John "
"California  3","14","77.10000","Garamendi, John"
"California  3","16","79.70000","Garamendi, John G."
"California  4","10","64.40000","McClintock, Tom "
"California  4","12","74.20000","McClintock, Tom"
"California  4","14","75.51053","McClintock, Tom"
"California  4","16","77.00000","McClintock, Tom"
"California  5","10","64.80000","Matsui, Doris"
"California  5","12","72.90000","Thompson, Mike "
"California  5","14","74.05714","Thompson, Mike"
"California  5","16","76.50000","Thompson, Mike "
"California  6","10","65.80000","Woolsey, Lynn C."
"California  6","12","73.80000","Matsui, Doris "
"California  6","14","72.60000","Matsui, Doris"
"California  6","16","77.88421","Matsui, Doris"
"California  7","10","67.10000","Miller, George "
"California  7","12","74.20000","Lungren, Dan"
"California  7","14","73.30000","Bera, Ami"
"California  7","16","79.01905","Bera, Ami"
"California  8","10","71.60000","Pelosi, Nancy"
"California  8","14","72.50000","Cook, Paul"
"California  8","16","79.80000","Cook, Paul "
"California  9","10","69.30000","Lee, Barbara"
"California  9","12","73.90000","McNerney, Jerry "
"California  9","14","73.60000","McNerney, Jerry"
"California  9","16","79.80000","McNerney, Jerry"
"California 10","10","71.75789","Garamendi, John"
"California 10","12","79.10000","Denham, Jeff"
"California 10","14","73.30000","Denham, Jeff"
"California 10","16","81.00000","Denham, Jeff"
"California 11","10","73.40000","McNerney, Jerry"
"California 11","12","79.70000","Miller, George "
"California 11","16","79.80000","DeSaulnier, Mark"
"California 12","10","73.90000","Speier, Jackie "
"California 12","12","78.10526","Pelosi, Nancy "
"California 12","14","76.00000","Pelosi, Nancy"
"California 12","16","79.50000","Pelosi, Nancy "
"California 13","10","75.70000","Stark, Fortney Pete"
"California 13","12","76.75714","Lee, Barbara "
"California 13","14","74.90000","Lee, Barbara"
"California 13","16","79.70000","Lee, Barbara"
"California 14","10","75.60000","Eshoo, Anna G."
"California 14","12","75.90000","Speier, Jackie "
"California 14","14","74.16316","Speier, Jackie"
"California 14","16","70.70000","Speier, Jackie"
"California 15","10","75.80000","Honda, Mike"
"California 15","12","75.30000","Stark, Fortney Pete "
"California 15","14","73.10952","Swalwell, Eric"
"California 15","16","70.00000","Swalwell, Eric"
"California 16","10","77.00000","Lofgren, Zoe"
"California 16","12","75.80000","Costa, Jim"
"California 16","14","71.80000","Costa, Jim"
"California 16","16","70.61579","Costa, Jim"
"California 17","10","77.30000","Farr, Sam"
"California 17","12","74.90000","Honda, Mike "
"California 17","14","73.20000","Honda, Mike"
"California 17","16","70.98571","Honda, Mike "
"California 18","10","72.40000","Cardoza, Dennis"
"California 18","12","75.50000","Eshoo, Anna G."
"California 18","14","72.30000","Eshoo, Anna G."
"California 18","16","71.10000","Eshoo, Anna G."
"California 19","12","76.40000","Lofgren, Zoe "
"California 19","14","71.90000","Lofgren, Zoe"
"California 19","16","71.70000","Lofgren, Zoe"
"California 20","10","70.96316","Costa, Jim"
"California 20","12","75.90000","Farr, Sam"
"California 20","14","72.20000","Farr, Sam"
"California 21","10","70.56190","Nunes, Devin G."
"California 21","14","72.50000","Valadao, David"
"California 21","16","71.50000","Valadao, David"
"California 22","10","70.30000","McCarthy, Kevin"
"California 22","12","75.71053","Nunes, Devin G."
"California 22","14","74.60000","Nunes, Devin G."
"California 22","16","71.20000","Nunes, Devin G."
"California 23","10","69.30000","Capps, Lois"
"California 23","12","77.08095","McCarthy, Kevin "
"California 23","14","75.40000","McCarthy, Kevin"
"California 23","16","72.60000","McCarthy, Kevin"
"California 24","10","70.10000","Gallegly, Elton"
"California 24","12","78.00000","Capps, Lois"
"California 24","14","73.52105","Capps, Lois"
"California 25","10","72.80000","McKeon, Howard P. ""Buck"""
"California 25","12","78.20000","McKeon, Howard P. ""Buck"""
"California 25","16","72.60000","Knight, Steve"
"California 26","10","67.60000","Dreier, David"
"California 26","14","70.80000","Brownley, Julia"
"California 26","16","71.30526","Brownley, Julia"
"California 27","10","68.80000","Sherman, Brad"
"California 27","12","77.90000","Chu, Judy "
"California 27","14","71.20000","Chu, Judy"
"California 27","16","69.84762","Chu, Judy "
"California 28","10","74.60000","Berman, Howard L. "
"California 28","12","78.40000","Schiff, Adam"
"California 28","14","69.70000","Schiff, Adam B."
"California 28","16","69.10000","Schiff, Adam B."
"California 29","10","72.60000","Schiff, Adam B."
"California 29","14","71.10000","Cardenas, Tony"
"California 29","16","68.50000","Cardenas, Tony"
"California 30","10","70.85789","Waxman, Henry A."
"California 30","12","79.70000","Sherman, Brad"
"California 30","12","79.70000","Berman, Howard L."
"California 30","14","71.60000","Sherman, Brad"
"California 30","16","67.80000","Sherman, Brad"
"California 31","10","68.64286","Becerra, Xavier"
"California 31","12","78.90000","Miller, Gary G. "
"California 31","16","67.60000","Aguilar, Pete"
"California 32","10","66.90000","Chu, Judy"
"California 32","12","76.95263","Napolitano, Grace F."
"California 32","14","72.90000","Napolitano, Grace F."
"California 32","16","67.30000","Napolitano, Grace F. "
"California 33","12","74.80476","Waxman, Henry A. "
"California 33","16","69.10000","Lieu, Ted W."
"California 34","10","67.90000","Roybal-Allard, Lucille"
"California 34","12","73.80000","Becerra, Xavier "
"California 34","14","72.08421","Becerra, Xavier"
"California 34","16","71.50000","Becerra, Xavier"
"California 35","10","67.70000","Waters, Maxine"
"California 35","12","72.30000","Baca, Joe"
"California 35","16","71.70000","Torres, Norma J."
"California 36","10","68.20000","Harman, Jane"
"California 36","12","72.30000","Mack, Mary Bono"
"California 36","14","71.30000","Ruiz, Raul"
"California 36","16","71.83158","Ruiz, Raul"
"California 37","10","68.20000","Richardson, Laura"
"California 37","12","71.70000","Bass, Karen R."
"California 37","14","72.00000","Bass, Karen"
"California 37","16","72.06190","Bass, Karen"
"California 38","10","79.70000","Napolitano, Grace F."
"California 38","12","72.50000","Sánchez, Linda T."
"California 38","14","72.00000","Sanchez, Linda T."
"California 38","16","72.30000","Sánchez, Linda T."
"California 39","10","77.80000","Sanchez, Linda T."
"California 39","12","72.50000","Royce, Ed "
"California 39","14","73.50000","Royce, Ed"
"California 39","16","72.60000","Royce, Ed"
"California 40","10","76.39474","Royce, Ed"
"California 40","12","79.60000","Roybal-Allard, Lucille "
"California 40","14","72.80000","Roybal-Allard, Lucille"
"California 40","16","70.80000","Roybal-Allard, Lucille"
"California 41","10","74.44762","Lewis, Jerry"
"California 41","14","75.00000","Takano, Mark"
"California 41","16","73.10000","Takano, Mark"
"California 42","10","72.90000","Miller, Gary G."
"California 42","12","78.26316","Calvert, Ken"
"California 42","14","75.10000","Calvert, Ken"
"California 42","16","72.70000","Calvert, Ken"
"California 43","10","73.60000","Baca, Joe"
"California 43","12","78.03810","Waters, Maxine"
"California 43","14","76.00000","Waters, Maxine"
"California 43","16","74.00000","Waters, Maxine"
"California 44","10","71.50000","Calvert, Ken"
"California 44","12","77.90000","Hahn, Janice"
"California 44","12","77.90000","Richardson, Laura "
"California 44","14","75.83158","Hahn, Janice"
"California 45","10","72.20000","Mack, Mary Bono"
"California 45","12","78.00000","Campbell, John "
"California 45","16","66.90000","Walters, Mimi"
"California 46","10","73.20000","Rohrabacher, Dana"
"California 46","12","77.80000","Sanchez, Loretta "
"California 46","14","75.70000","Sanchez, Loretta"
"California 47","10","73.10000","Sanchez, Loretta"
"California 47","14","76.90000","Lowenthal, Alan"
"California 47","16","68.02381","Lowenthal, Alan"
"California 48","10","75.60000","Campbell, John"
"California 48","12","78.10000","Rohrabacher, Dana"
"California 48","14","75.80000","Rohrabacher, Dana"
"California 48","16","68.50000","Rohrabacher, Dana "
"California 49","10","76.30000","Issa, Darrell"
"California 49","12","78.30000","Issa, Darrell"
"California 49","14","76.10000","Issa, Darrell"
"California 49","16","68.30000","Issa, Darrell"
"California 50","10","74.58421","Bilbray, Brian P."
"California 50","12","80.90000","Hunter, Duncan D. "
"California 50","14","76.60000","Hunter, Duncan D."
"California 50","16","69.40000","Hunter, Duncan"
"California 51","10","73.08095","Filner, Bob"
"California 51","14","75.00000","Vargas, Juan"
"California 51","16","68.30000","Vargas, Juan "
"California 52","10","73.00000","Hunter, Duncan D."
"California 52","12","78.68421","Bilbray, Brian "
"California 52","14","73.60000","Peters, Scott"
"California 52","16","68.00000","Peters, Scott"
"California 53","10","71.20000","Davis, Susan A."
"California 53","12","77.38571","Davis, Susan A."
"California 53","14","72.20000","Davis, Susan A."
"California 53","16","69.60000","Davis, Susan A."
"Colorado  1","10","69.70000","DeGette, Diana"
"Colorado  1","12","76.80000","DeGette, Diana"
"Colorado  1","14","70.60476","DeGette, Diana"
"Colorado  1","16","80.90000","DeGette, Diana"
"Colorado  2","10","68.20000","Polis, Jared"
"Colorado  2","12","76.60000","Polis, Jared"
"Colorado  2","14","70.00000","Polis, Jared"
"Colorado  2","16","77.93158","Polis, Jared"
"Colorado  3","10","69.60000","Salazar, John"
"Colorado  3","12","75.70000","Tipton, Scott R."
"Colorado  3","14","69.50000","Tipton, Scott R."
"Colorado  3","16","74.80476","Tipton, Scott R."
"Colorado  4","10","76.30000","Markey, Betsy"
"Colorado  4","12","76.90000","Gardner, Cory"
"Colorado  4","16","72.00000","Buck, Ken"
"Colorado  5","10","74.60000","Lamborn, Doug"
"Colorado  5","12","77.90000","Lamborn, Doug"
"Colorado  5","14","69.30000","Lamborn, Doug"
"Colorado  5","16","72.80000","Lamborn, Doug"
"Colorado  6","10","74.51579","Coffman, Mike"
"Colorado  6","12","79.90000","Coffman, Mike"
"Colorado  6","14","70.20000","Coffman, Mike"
"Colorado  6","16","71.90000","Coffman, Mike"
"Colorado  7","10","73.83810","Perlmutter, Ed"
"Colorado  7","12","79.00000","Perlmutter, Ed"
"Colorado  7","14","71.00000","Perlmutter, Ed"
"Colorado  7","16","72.30000","Perlmutter, Ed"
"Connecticut  1","10","72.10000","Larson, John B."
"Connecticut  1","10","72.10000","Larson, John B."
"Connecticut  1","10","72.10000","Larson, John B."
"Connecticut  1","12","77.67619","Larson, John B."
"Connecticut  1","12","77.67619","Larson, John B."
"Connecticut  1","14","68.10000","Larson, John B."
"Connecticut  1","16","74.20000","Larson, John B."
"Connecticut  1","16","74.20000","Larson, John B."
"Connecticut  2","10","72.80000","Courtney, Joe"
"Connecticut  2","10","72.80000","Courtney, Joe"
"Connecticut  2","10","72.80000","Courtney, Joe"
"Connecticut  2","12","77.10000","Courtney, Joe "
"Connecticut  2","12","77.10000","Courtney, Joe "
"Connecticut  2","14","72.70526","Courtney, Joe"
"Connecticut  2","16","82.00000","Courtney, Joe"
"Connecticut  2","16","82.00000","Courtney, Joe"
"Connecticut  3","10","72.00000","DeLauro, Rosa L."
"Connecticut  3","10","72.00000","DeLauro, Rosa L."
"Connecticut  3","10","72.00000","DeLauro, Rosa L."
"Connecticut  3","12","77.90000","DeLauro, Rosa L."
"Connecticut  3","12","77.90000","DeLauro, Rosa L."
"Connecticut  3","14","77.22381","DeLauro, Rosa L."
"Connecticut  3","16","80.90000","DeLauro, Rosa L."
"Connecticut  3","16","80.90000","DeLauro, Rosa L."
"Connecticut  4","10","70.90000","Himes, Jim"
"Connecticut  4","10","70.90000","Himes, Jim"
"Connecticut  4","10","70.90000","Himes, Jim"
"Connecticut  4","12","75.60000","Himes, Jim"
"Connecticut  4","12","75.60000","Himes, Jim"
"Connecticut  4","14","80.90000","Himes, Jim"
"Connecticut  4","16","79.34737","Himes, Jim"
"Connecticut  5","10","71.50000","Murphy, Chris"
"Connecticut  5","10","71.50000","Murphy, Chris"
"Connecticut  5","10","71.50000","Murphy, Chris"
"Connecticut  5","14","81.00000","Esty, Elizabeth"
"Connecticut  5","16","77.59524","Esty, Elizabeth"
"Connecticut  5","16","77.59524","Esty, Elizabeth"
"Delaware  0","12","77.30000","Carney, John C., Jr."
"Delaware  0","14","80.50000","Carney, John C., Jr."
"Florida  1","10","75.50000","Miller, Jeff"
"Florida  1","12","81.05238","Miller, Jeff"
"Florida  1","14","73.60000","Miller, Jeff"
"Florida  2","10","73.80000","Boyd, Allen"
"Florida  2","12","80.10000","Southerland, Steve"
"Florida  2","14","72.28421","Southerland, Steve"
"Florida  3","10","74.10000","Brown, Corinne"
"Florida  3","12","80.30000","Stearns, Clifford B. ""Cliff"""
"Florida  3","14","71.09048","Yoho, Ted"
"Florida  3","16","72.70000","Yoho, Ted"
"Florida  4","10","76.70000","Crenshaw, Ander"
"Florida  4","12","80.80000","Crenshaw, Ander"
"Florida  4","14","70.50000","Crenshaw, Ander"
"Florida  5","12","80.30000","Brown, Corrine "
"Florida  5","14","68.70000","Brown, Corrine "
"Florida  5","16","71.26667","Brown, Corrine"
"Florida  6","10","74.00000","Stearns, Clifford B. ""Cliff"""
"Florida  6","14","69.60000","DeSantis, Ron"
"Florida  6","16","70.00000","DeSantis, Ron"
"Florida  7","10","72.40000","Mica, John L."
"Florida  7","12","79.60000","Mica, John "
"Florida  7","12","79.60000","Adams, Sandra ""Sandy"""
"Florida  7","14","72.70000","Mica, John  "
"Florida  7","16","70.50000","Mica, John "
"Florida  8","10","69.17368","Grayson, Alan"
"Florida  8","12","80.20000","Posey, Bill "
"Florida  8","14","72.00000","Posey, Bill"
"Florida  8","16","72.00000","Posey, Bill "
"Florida  9","10","65.57143","Bilirakis, Gus Michael"
"Florida  9","14","75.40000","Grayson, Alan"
"Florida 10","10","63.40000","Young, C.W. Bill"
"Florida 10","12","80.70000","Webster, Daniel "
"Florida 10","14","70.70000","Webster, Daniel "
"Florida 11","10","61.80000","Castor, Kathy"
"Florida 11","12","81.01429","Nugent, Richard B. ""Rich"""
"Florida 11","14","71.30000","Nugent, Richard B. ""Rich"""
"Florida 11","16","72.70000","Webster, Daniel "
"Florida 12","12","81.40000","Bilirakis, Gus Michael"
"Florida 12","14","71.94737","Bilirakis, Gus Michael"
"Florida 12","16","71.60000","Bilirakis, Gus Michael "
"Florida 13","10","61.20000","Buchanan, Vern"
"Florida 13","12","81.50000","Young, C.W . Bill"
"Florida 13","14","72.72381","Jolly, David W."
"Florida 13","16","69.90000","Jolly, David W."
"Florida 14","10","63.70000","Mack, Connie"
"Florida 14","12","80.70000","Castor, Kathy "
"Florida 14","14","73.70000","Castor, Kathy "
"Florida 14","16","70.41579","Castor, Kathy "
"Florida 15","10","64.60000","Posey, Bill"
"Florida 15","12","80.70000","Ross, Dennis"
"Florida 15","14","72.60000","Ross, Dennis A."
"Florida 15","16","70.36190","Ross, Dennis A."
"Florida 16","10","75.80000","Rooney, Tom"
"Florida 16","12","82.10000","Buchanan, Vern"
"Florida 16","14","73.80000","Buchanan, Vern"
"Florida 16","16","70.40000","Buchanan, Vern"
"Florida 17","12","82.80000","Rooney, Tom"
"Florida 17","14","73.00000","Rooney, Tom"
"Florida 17","16","71.00000","Rooney, Tom"
"Florida 18","10","73.23158","Ros-Lehtinen, Ileana"
"Florida 18","12","78.50000","West, Allen B."
"Florida 18","14","74.20000","Murphy, Patrick "
"Florida 19","10","72.12381","Deutch, Ted"
"Florida 19","14","75.20000","Clawson, Curt "
"Florida 20","10","71.10000","Schultz, Debbie Wasserman"
"Florida 20","12","78.06842","Hastings, Alcee L."
"Florida 20","14","70.50000","Hastings, Alcee L."
"Florida 20","16","68.60000","Hastings, Alcee L."
"Florida 21","12","78.00000","Deutch, Ted "
"Florida 21","14","69.80000","Deutch, Ted"
"Florida 21","16","71.20000","Frankel, Lois "
"Florida 22","10","70.20000","Klein, Ron"
"Florida 22","14","67.37895","Frankel, Lois"
"Florida 22","16","75.50000","Deutch, Ted"
"Florida 23","10","72.20000","Hastings, Alcee L."
"Florida 23","12","77.30000","Wasserman Schultz, Debbie"
"Florida 23","14","64.92381","Schultz, Debbie Wasserman"
"Florida 23","16","74.10000","Schultz, Debbie Wasserman"
"Florida 24","10","70.00000","Kosmas, Suzanne"
"Florida 24","12","77.90000","Wilson, Frederica S."
"Florida 24","14","63.00000","Wilson, Frederica S."
"Florida 24","16","73.19474","Wilson, Frederica"
"Florida 25","12","77.20000","Diaz-Balart, Mario "
"Florida 25","14","63.40000","Diaz-Balart, Mario"
"Florida 25","16","71.86190","Diaz-Balart, Mario "
"Georgia  1","10","75.00000","Kingston, Jack"
"Georgia  1","12","77.80000","Kingston, Jack "
"Georgia  1","16","71.90000","Carter, Earl ""Buddy"""
"Georgia  2","10","74.97895","Bishop, Sanford"
"Georgia  2","12","72.60000","Bishop, Sanford"
"Georgia  2","14","65.10000","Bishop, Sanford D."
"Georgia  2","16","70.90000","Bishop, Sanford"
"Georgia  3","10","74.98571","Westmoreland, Lynn"
"Georgia  3","12","71.20000","Westmoreland, Lynn"
"Georgia  3","14","65.50000","Westmoreland, Lynn Acton"
"Georgia  4","10","75.00000","Johnson, Hank, Jr."
"Georgia  4","12","73.82105","Johnson, Henry C. ""Hank"""
"Georgia  4","14","80.50000","Johnson, Henry C. ""Hank,"" Jr."
"Georgia  4","16","68.20000","Johnson, Henry C. ""Hank,"" Jr."
"Georgia  5","10","75.40000","Lewis, John"
"Georgia  5","12","75.78095","Lewis, John"
"Georgia  5","14","80.60000","Lewis, John R."
"Georgia  5","16","69.70000","Lewis, John R."
"Georgia  6","10","73.80000","Price, Tom"
"Georgia  6","12","77.60000","Price, Tom "
"Georgia  6","14","77.91053","Price, Thomas E. ""Tom"""
"Georgia  6","16","73.80000","Price, Tom "
"Georgia  7","12","77.50000","Woodall, Rob"
"Georgia  7","14","75.48095","Woodall, William Robert ""Rob"""
"Georgia  7","16","71.90000","Woodall, Rob"
"Georgia  8","10","73.60000","Marshall, Jim"
"Georgia  8","12","77.20000","Scott, Austin"
"Georgia  8","14","72.70000","Scott, James Austin"
"Georgia  8","16","72.15789","Scott, Austin "
"Georgia  9","10","75.00000","Graves, Tom"
"Georgia  9","14","74.00000","Collins, Douglas Allen ""Doug"""
"Georgia  9","16","71.85238","Collins, Doug "
"Georgia 10","10","77.20000","Broun, Paul"
"Georgia 10","12","76.60000","Broun, Paul C."
"Georgia 10","16","71.50000","Hice, Jody "
"Georgia 11","10","75.40000","Gingrey, Phil"
"Georgia 11","12","77.20000","Gingrey, Phil"
"Georgia 11","16","71.90000","Loudermilk, Barry"
"Georgia 12","10","75.21579","Barrow, John"
"Georgia 12","12","82.20000","Barrow, John"
"Georgia 12","14","74.40000","Barrow, John Jenkins"
"Georgia 12","16","70.80000","Allen, Rick "
"Georgia 13","10","74.46667","Scott, David"
"Georgia 13","12","81.60000","Scott, David"
"Georgia 13","14","74.80000","Scott, David Albert"
"Georgia 13","16","72.50000","Scott, David "
"Hawaii  1","10","73.90000","Djou, Charles "
"Hawaii  1","12","74.27143","Hanabusa, Colleen W."
"Hawaii  2","10","74.50000","Hirono, Mazie"
"Hawaii  2","14","72.13158","Gabbard, Tulsi"
"Hawaii  2","16","70.40000","Gabbard, Tulsi"
"Idaho  1","10","75.90000","Minnick, Walt"
"Idaho  1","12","71.60000","Labrador, Raul R."
"Idaho  1","14","76.70000","Labrador, Raul R."
"Idaho  1","16","70.49474","Labrador, Raul R."
"Idaho  2","10","74.80000","Simpson, Mike"
"Idaho  2","12","70.50000","Simpson, Mike"
"Idaho  2","14","77.40000","Simpson, Mike"
"Idaho  2","16","71.64286","Simpson, Mike "
"Illinois  1","10","74.40000","Rush, Bobby L."
"Illinois  1","12","72.40000","Rush, Bobby L."
"Illinois  1","14","77.10000","Rush, Bobby L."
"Illinois  1","16","72.80000","Rush, Bobby L."
"Illinois  2","10","74.13158","Jackson, Jesse L., Jr."
"Illinois  2","12","78.90000","Jackson, Jesse L., Jr."
"Illinois  2","14","74.80000","Kelly, Robin "
"Illinois  2","16","72.60000","Kelly, Robin"
"Illinois  3","10","73.26667","Lipinski, Daniel William"
"Illinois  3","12","78.30000","Lipinski, Daniel William"
"Illinois  3","14","76.50000","Lipinski, Daniel William "
"Illinois  3","16","72.50000","Lipinski, Daniel William"
"Illinois  4","10","72.50000","Gutierrez, Luis V."
"Illinois  4","12","79.61579","Gutierrez, Luis V."
"Illinois  4","14","65.20000","Gutierrez, Luis V."
"Illinois  4","16","72.90000","Gutierrez, Luis V."
"Illinois  5","10","73.00000","Quigley, Mike"
"Illinois  5","12","80.62857","Quigley, Mike"
"Illinois  5","14","64.70000","Quigley, Mike"
"Illinois  5","16","72.80000","Quigley, Mike"
"Illinois  6","10","72.50000","Roskam, Peter J."
"Illinois  6","12","81.50000","Roskam, Peter J."
"Illinois  6","14","68.60000","Roskam, Peter J. "
"Illinois  6","16","75.70000","Roskam, Peter J."
"Illinois  7","10","71.60000","Davis, Danny K."
"Illinois  7","12","81.50000","Davis, Danny K."
"Illinois  7","14","71.98095","Davis, Danny K."
"Illinois  7","16","77.60000","Davis, Danny K."
"Illinois  8","10","73.20000","Bean, Melissa"
"Illinois  8","12","81.70000","Walsh, Joe"
"Illinois  8","14","74.60000","Duckworth, Tammy"
"Illinois  9","10","72.10000","Schakowsky, Janice D."
"Illinois  9","12","80.80000","Schakowsky, Janice D."
"Illinois  9","14","76.00000","Schakowsky, Janice D."
"Illinois  9","16","71.64762","Schakowsky, Janice D"
"Illinois 10","12","81.80000","Dold, Robert"
"Illinois 10","14","74.60000","Schneider, Brad"
"Illinois 10","16","70.10000","Dold, Robert "
"Illinois 11","10","72.90000","Halvorson, Deborah ""Debbie"""
"Illinois 11","12","81.00000","Biggert, Judy"
"Illinois 11","14","72.40000","Foster, Bill "
"Illinois 11","16","69.20000","Foster, Bill"
"Illinois 12","10","72.63684","Costello, Jerry F."
"Illinois 12","14","73.50000","Enyart, William L. ""Bill"" "
"Illinois 12","16","68.80000","Bost, Michael "
"Illinois 13","10","72.64286","Biggert, Judy"
"Illinois 13","12","75.50000","Johnson, Tim #"
"Illinois 13","14","74.40000","Davis, Rodney"
"Illinois 13","16","67.60000","Davis, Rodney"
"Illinois 14","10","74.30000","Foster, Bill"
"Illinois 14","12","76.76842","Hultgren, Randy M."
"Illinois 14","14","75.00000","Hultgren, Randall M. ""Randy"" "
"Illinois 14","16","67.90000","Hultgren, Randall M. ""Randy"""
"Illinois 15","10","70.10000","Johnson, Timothy V."
"Illinois 15","12","77.24286","Shimkus, John M."
"Illinois 15","14","75.00000","Shimkus, John M."
"Illinois 15","16","67.80000","Shimkus, John M."
"Illinois 16","10","72.30000","Manzullo, Donald A."
"Illinois 16","12","77.50000","Kinzinger, Adam"
"Illinois 16","12","77.50000","Manzullo, Donald A."
"Illinois 16","14","73.94737","Kinzinger, Adam "
"Illinois 16","16","76.80000","Kinzinger, Adam"
"Illinois 17","10","70.90000","Hare, Phil"
"Illinois 17","12","77.70000","Schilling, Bobby "
"Illinois 17","14","72.86667","Bustos, Cheri "
"Illinois 17","16","73.60000","Bustos, Cheri "
"Illinois 18","10","73.90000","Schock, Aaron"
"Illinois 18","12","78.00000","Schock, Aaron"
"Illinois 18","14","71.90000","Schock, Aaron "
"Illinois 18","16","75.82632","LaHood, Darin"
"Illinois 19","10","72.60000","Shimkus, John M."
"Indiana  1","10","74.50000","Visclosky, Peter J. "
"Indiana  1","12","77.50000","Visclosky, Peter J. "
"Indiana  1","14","70.20000","Visclosky, Peter J."
"Indiana  1","16","78.00000","Visclosky, Peter J."
"Indiana  2","10","71.21053","Donnelly, Joe"
"Indiana  2","14","71.60000","Walorski, Jackie"
"Indiana  2","16","76.70000","Walorski, Jackie"
"Indiana  3","12","75.60000","Stutzman, Marlin A. "
"Indiana  3","14","71.10000","Stutzman, Marlin A."
"Indiana  4","12","76.02632","Rokita, Todd"
"Indiana  4","14","75.10000","Rokita, Todd"
"Indiana  4","16","77.40000","Rokita, Todd  #"
"Indiana  5","10","64.70000","Burton, Dan"
"Indiana  5","14","75.80000","Brooks, Susan "
"Indiana  5","16","76.60000","Brooks, Susan W.  #"
"Indiana  6","10","65.20000","Pence, Mike"
"Indiana  6","14","75.75789","Messer, Luke"
"Indiana  6","16","75.70000","Messer, Luke "
"Indiana  7","10","66.90000","Carson, Andre D."
"Indiana  7","12","75.00000","Carson, Andre D. "
"Indiana  7","14","75.92381","Carson, André "
"Indiana  7","16","74.40000","Carson, André D."
"Indiana  8","12","76.50000","Bucshon, Larry D. "
"Indiana  8","14","76.10000","Bucshon, Larry D."
"Indiana  8","16","76.19474","Bucshon, Larry D."
"Indiana  9","10","66.90000","Hill, Baron P."
"Indiana  9","12","75.20000","Young, Todd"
"Indiana  9","14","76.00000","Young, Todd"
"Iowa  1","10","79.10000","Braley, Bruce"
"Iowa  1","12","72.70000","Braley, Bruce "
"Iowa  1","16","79.10000","Blum, Rod"
"Iowa  2","10","76.71053","Loebsack, Dave "
"Iowa  2","12","80.10000","Loebsack, Dave "
"Iowa  2","14","76.70000","Loebsack, Dave"
"Iowa  2","16","79.50000","Loebsack, Dave"
"Iowa  3","10","74.81429","Boswell, Leonard L. "
"Iowa  3","12","78.30000","Latham, Tom "
"Iowa  3","12","78.30000","Boswell, Leonard "
"Iowa  3","16","77.60000","Young, David"
"Iowa  4","10","73.20000","Latham, Tom "
"Iowa  4","12","77.70526","King, Steve"
"Iowa  4","14","77.40000","King, Steve "
"Iowa  4","16","77.20000","King, Steve"
"Iowa  5","10","73.30000","King, Steve  "
"Kansas  1","12","75.50000","Huelskamp, Tim"
"Kansas  1","14","72.23810","Huelskamp, Tim"
"Kansas  1","16","70.70000","Huelskamp, Tim"
"Kansas  2","10","73.60000","Jenkins, Lynn "
"Kansas  2","12","76.20000","Jenkins, Lynn"
"Kansas  2","14","71.00000","Jenkins, Lynn"
"Kansas  2","16","70.52105","Jenkins, Lynn"
"Kansas  3","12","75.40000","Yoder, Kevin"
"Kansas  3","14","70.50000","Yoder, Kevin"
"Kansas  3","16","69.93333","Yoder, Kevin"
"Kansas  4","12","76.00000","Pompeo, Mike"
"Kansas  4","14","69.90000","Pompeo, Mike"
"Kansas  4","16","69.00000","Pompeo, Michael"
"Kentucky  1","10","75.82105","Whitfield, Edward "
"Kentucky  1","12","77.10000","Whitfield, Edward "
"Kentucky  1","14","70.40000","Whitfield, Ed"
"Kentucky  2","10","73.17143","Guthrie, S. Brett"
"Kentucky  2","12","77.90000","Guthrie, S. Brett"
"Kentucky  2","14","69.80000","Guthrie, S. Brett"
"Kentucky  2","16","69.80000","Guthrie, S. Brett"
"Kentucky  3","10","70.90000","Yarmuth, John"
"Kentucky  3","12","77.46842","Yarmuth, John A. "
"Kentucky  3","14","77.00000","Yarmuth, John A."
"Kentucky  3","16","70.90000","Yarmuth, John A."
"Kentucky  4","10","71.40000","Davis, Geoff"
"Kentucky  4","14","74.70000","Massie, Thomas"
"Kentucky  4","16","71.20000","Massie, Thomas"
"Kentucky  5","10","71.40000","Rogers, Harold ""Hal"""
"Kentucky  5","12","77.30000","Rogers, Harold ""Hal"" "
"Kentucky  5","14","73.92105","Rogers, Harold ""Hal"" "
"Kentucky  5","16","74.30000","Rogers, Harold ""Hal"""
"Kentucky  6","10","69.60000","Chandler, Ben"
"Kentucky  6","12","77.40000","Chandler, Ben "
"Kentucky  6","14","72.44286","Barr, Andy"
"Kentucky  6","16","72.80000","Barr, Andy"
"Louisiana  1","10","73.30000","Scalise, ""Steve"""
"Louisiana  1","12","76.00000","Scalise, ""Steve"""
"Louisiana  1","14","70.50000","Scalise, Steve"
"Louisiana  1","16","70.72381","Scalise, Steve"
"Louisiana  2","10","76.10000","Cao, ""Joseph"""
"Louisiana  2","12","78.40000","Richmond, Cedric"
"Louisiana  2","14","70.70000","Richmond, Cedric"
"Louisiana  2","16","68.90000","Richmond, Cedric"
"Louisiana  3","12","78.40000","Boustany, Charles W., Jr."
"Louisiana  3","12","78.40000","Landry, ""Jeff"" "
"Louisiana  3","14","70.70000","Boustany, Charles W., Jr."
"Louisiana  4","10","75.85263","Fleming, John"
"Louisiana  4","12","78.30000","Fleming, John"
"Louisiana  4","14","70.70000","Fleming, John"
"Louisiana  5","10","75.70476","Alexander, Rodney "
"Louisiana  5","12","75.30000","Alexander, Rodney "
"Louisiana  5","14","71.20000","McAllister, Vance M."
"Louisiana  5","16","70.00000","Abraham, Ralph,  Jr."
"Louisiana  6","10","77.10000","Cassidy, William ""Bill"""
"Louisiana  6","12","76.98947","Cassidy, William ""Bill"""
"Louisiana  6","16","69.90000","Graves, Garret"
"Louisiana  7","10","72.80000","Boustany, Charles W., Jr."
"Maine  1","10","74.80000","Pingree, Chellie"
"Maine  1","12","78.50000","Pingree, Chellie"
"Maine  1","14","71.20952","Pingree, Chellie"
"Maine  1","16","73.90000","Pingree, Chellie"
"Maine  2","10","73.20000","Michaud, Michael H."
"Maine  2","12","79.00000","Michaud, Michael H."
"Maine  2","16","75.30000","Poliquin, Bruce"
"Maryland  1","10","78.60000","Kratovil, Frank M., Jr."
"Maryland  1","12","78.50000","Harris, Andy"
"Maryland  1","14","69.30000","Harris, Andy"
"Maryland  1","16","78.10000","Harris, Andy"
"Maryland  2","10","77.70000","Ruppersberger, C.A. Dutch"
"Maryland  2","12","79.70000","Ruppersberger, C. A. Dutch "
"Maryland  2","14","69.40000","Ruppersberger, C. A. Dutch "
"Maryland  2","16","77.30000","Ruppersberger, C.A. Dutch"
"Maryland  3","10","77.85263","Sarbanes, John"
"Maryland  3","12","81.20000","Sarbanes, John "
"Maryland  3","14","68.90000","Sarbanes, John "
"Maryland  3","16","75.30000","Sarbanes, John"
"Maryland  4","10","77.68571","Edwards, Donna"
"Maryland  4","12","80.60000","Edwards, Donna F."
"Maryland  4","14","69.20000","Edwards, Donna F. "
"Maryland  5","10","77.60000","Hoyer, Steny H."
"Maryland  5","12","80.35263","Hoyer, Steny H. "
"Maryland  5","14","74.60000","Hoyer, Steny H. "
"Maryland  5","16","75.80000","Hoyer, Steny H."
"Maryland  6","10","77.50000","Bartlett, Roscoe G."
"Maryland  6","12","79.94762","Bartlett, Roscoe G. "
"Maryland  6","14","73.30000","Delaney, John K."
"Maryland  6","16","75.70000","Delaney, John K."
"Maryland  7","10","77.80000","Cummings, Elijah"
"Maryland  7","12","79.50000","Cummings, Elijah"
"Maryland  7","14","73.53158","Cummings, Elijah"
"Maryland  7","16","71.20000","Cummings, Elijah"
"Maryland  8","10","77.00000","Van Hollen, Chris"
"Maryland  8","12","79.90000","Van Hollen, Chris "
"Maryland  8","14","73.36667","Van Hollen, Chris "
"Massachusetts  1","10","77.00000","Olver, John W."
"Massachusetts  1","12","79.90000","Neal, Richard E."
"Massachusetts  1","14","73.70000","Neal, Richard E."
"Massachusetts  1","16","75.69524","Neal, Richard E."
"Massachusetts  2","10","74.10000","Neal, Richard E."
"Massachusetts  2","12","80.30000","McGovern, James P."
"Massachusetts  2","14","73.70000","McGovern, James P."
"Massachusetts  2","16","77.70000","McGovern, James P."
"Massachusetts  3","10","75.00000","McGovern, James P."
"Massachusetts  3","12","79.00000","Tsongas, Nicola S."
"Massachusetts  3","14","73.70000","Tsongas, Nicola S."
"Massachusetts  3","16","76.50000","Tsongas, Nicola S."
"Massachusetts  4","10","75.95789","Frank, Barney"
"Massachusetts  4","14","73.80000","Kennedy, Joseph P., III"
"Massachusetts  4","16","76.90000","Kennedy, Joseph P., III"
"Massachusetts  5","10","77.12381","Tsongas, Nicola S."
"Massachusetts  5","12","80.50000","Markey, Edward J."
"Massachusetts  5","14","72.90000","Clark, Katherine M."
"Massachusetts  5","16","76.60000","Clark, Katherine M."
"Massachusetts  6","10","77.70000","Tierney, John F."
"Massachusetts  6","12","80.23684","Tierney, John F."
"Massachusetts  6","14","72.10000","Tierney, John F."
"Massachusetts  6","16","77.50000","Moulton, Seth"
"Massachusetts  7","10","79.00000","Markey, Edward J."
"Massachusetts  7","12","80.10476","Capuano, Michael E."
"Massachusetts  7","14","70.20000","Capuano, Michael E."
"Massachusetts  7","16","76.00000","Capuano, Michael E."
"Massachusetts  8","10","78.00000","Capuano, Michael E."
"Massachusetts  8","12","80.20000","Lynch, Stephen F."
"Massachusetts  8","14","72.69474","Lynch, Stephen F. "
"Massachusetts  8","16","72.40000","Lynch, Stephen F. "
"Massachusetts  9","10","77.80000","Lynch, Stephen F."
"Massachusetts  9","12","79.60000","Keating, William Richard"
"Massachusetts  9","14","74.46667","Keating, William Richard "
"Massachusetts  9","16","72.80000","Keating, William Richard "
"Michigan  1","12","80.10000","Benishek, Dan"
"Michigan  1","14","75.80000","Benishek, Dan"
"Michigan  2","12","79.00000","Huizenga, Bill"
"Michigan  2","14","76.40000","Huizenga, Bill"
"Michigan  2","16","65.40000","Huizenga, Bill"
"Michigan  3","12","75.10000","Amash, Justin"
"Michigan  3","14","75.60000","Amash, Justin"
"Michigan  3","16","67.50000","Amash, Justin"
"Michigan  4","10","76.42381","Camp, Dave"
"Michigan  4","12","78.60000","Camp, Dave"
"Michigan  4","16","67.30000","Moolenaar, John "
"Michigan  5","10","76.50000","Kildee, Dale"
"Michigan  5","14","73.40000","Kildee, Daniel T."
"Michigan  5","16","69.30000","Kildee, Daniel T."
"Michigan  6","10","76.40000","Upton, Fred"
"Michigan  6","12","75.89524","Upton, Fred"
"Michigan  6","14","71.40000","Upton, Fred"
"Michigan  6","16","69.40000","Upton, Fred"
"Michigan  7","10","75.80000","Schauer, Mark"
"Michigan  7","12","74.60000","Walberg, Tim"
"Michigan  7","14","72.45789","Walberg, Tim"
"Michigan  7","16","79.30000","Walberg, Tim"
"Michigan  8","10","78.70000","Rogers, Mike"
"Michigan  8","12","76.30000","Rogers, Mike"
"Michigan  8","16","79.10000","Bishop, Mike"
"Michigan  9","10","76.70000","Peters, Gary"
"Michigan  9","12","75.00000","Levin, Sander"
"Michigan  9","14","73.30000","Levin, Sander"
"Michigan  9","16","77.80000","Levin, Sander"
"Michigan 10","10","74.60000","Miller, Candice S."
"Michigan 10","12","77.20000","Miller, Candice S. "
"Michigan 10","14","73.00000","Miller, Candice S."
"Michigan 11","10","72.80000","McCotter, Thaddeus G."
"Michigan 11","14","72.70000","Bentivolio, Kerry Lynn"
"Michigan 11","14","72.70000","Bentivolio, Kerry Lynn"
"Michigan 11","16","75.00000","Trott, David A."
"Michigan 12","10","70.90000","Levin, Sander"
"Michigan 12","12","77.00000","Dingell, John D. "
"Michigan 12","16","76.40000","Dingell, Debbie"
"Michigan 13","10","71.77368","Kilpatrick, Carolyn Cheeks"
"Michigan 13","12","81.50000","Conyers, John, Jr."
"Michigan 13","14","71.50000","Conyers, John, Jr."
"Michigan 13","16","75.40000","Conyers, John, Jr."
"Michigan 14","10","71.93810","Conyers, John, Jr."
"Michigan 14","12","80.80000","Clarke, Hansen"
"Michigan 14","12","80.80000","Peters, Gary"
"Michigan 14","16","75.90000","Lawrence, Brenda L."
"Michigan 15","10","72.60000","Dingell, John D."
"Minnesota  1","10","71.50000","Walz, Tim"
"Minnesota  1","12","80.10000","Walz, Tim"
"Minnesota  1","14","76.16316","Walz, Tim"
"Minnesota  1","16","74.50000","Walz, Tim "
"Minnesota  2","10","70.90000","Kline, John"
"Minnesota  2","12","80.00000","Kline, John"
"Minnesota  2","14","75.87619","Kline, John"
"Minnesota  3","10","71.00000","Paulsen, Erik"
"Minnesota  3","12","81.40000","Paulsen, Erik"
"Minnesota  3","14","76.00000","Paulsen, Erik"
"Minnesota  3","16","74.96842","Paulsen, Erik"
"Minnesota  4","10","71.40000","McCollum, Betty"
"Minnesota  4","12","81.20000","McCollum, Betty"
"Minnesota  4","14","75.10000","McCollum, Betty"
"Minnesota  4","16","75.35238","McCollum, Betty "
"Minnesota  5","10","74.50000","Ellison, Keith"
"Minnesota  5","12","81.30000","Ellison, Keith"
"Minnesota  5","14","75.70000","Ellison, Keith"
"Minnesota  5","16","75.20000","Ellison, Keith"
"Minnesota  6","10","73.30000","Bachmann, Michele"
"Minnesota  6","12","81.40000","Bachmann, Michele"
"Minnesota  6","16","76.20000","Emmer, Tom"
"Minnesota  7","10","73.56842","Peterson, Collin C."
"Minnesota  7","12","80.70000","Peterson, Collin C."
"Minnesota  7","14","76.30000","Peterson, Collin C."
"Minnesota  7","16","75.60000","Peterson, Collin"
"Minnesota  8","10","73.43333","Oberstar, James L."
"Minnesota  8","12","79.80000","Cravaack, Chip"
"Minnesota  8","14","75.80000","Nolan, Rick"
"Minnesota  8","16","77.00000","Nolan, Rick "
"Mississippi  1","10","72.30000","Childers, Travis W."
"Mississippi  1","12","78.31905","Nunnelee, Alan"
"Mississippi  1","14","75.70000","Nunnelee, Alan"
"Mississippi  1","16","76.90000","Kelly, Trent"
"Mississippi  2","10","72.80000","Thompson, Bennie G"
"Mississippi  2","12","77.80000","Thompson, Bennie G."
"Mississippi  2","14","74.81053","Thompson, Bennie G."
"Mississippi  2","16","73.40000","Thompson, Bennie"
"Mississippi  3","10","73.10000","Harper, Gregg"
"Mississippi  3","12","76.90000","Harper, Gregg"
"Mississippi  3","14","73.83333","Harper, Gregg"
"Mississippi  3","16","72.80000","Harper, Gregg"
"Mississippi  4","10","73.00000","Taylor, Gene"
"Mississippi  4","12","78.60000","Palazzo, Steven M."
"Mississippi  4","14","73.00000","Palazzo, Steven McCarty"
"Mississippi  4","16","72.30526","Palazzo, Steven"
"Missouri  1","10","70.90000","Clay, Lacy"
"Missouri  1","14","73.00000","Clay, Lacy "
"Missouri  1","16","71.10000","Clay, Lacy "
"Missouri  2","10","70.00000","Akin, Todd"
"Missouri  2","14","72.70000","Wagner, Ann"
"Missouri  2","16","71.10000","Wagner, Ann "
"Missouri  3","10","71.37368","Carnahan, Russ"
"Missouri  3","14","73.00000","Luetkemeyer, Blaine"
"Missouri  3","16","71.20000","Luetkemeyer, Blaine"
"Missouri  4","10","72.31905","Skelton, Ike"
"Missouri  4","14","73.60000","Hartzler, Vicky "
"Missouri  4","16","71.90000","Hartzler, Vicky"
"Missouri  5","10","73.70000","Cleaver, Emanuel, II"
"Missouri  5","14","75.90000","Cleaver, Emanuel, II"
"Missouri  5","16","72.70000","Cleaver, Emanuel, II"
"Missouri  6","10","72.40000","Graves, Sam"
"Missouri  6","14","76.00000","Graves, Sam "
"Missouri  6","16","72.00000","Graves, Sam"
"Missouri  7","14","72.92632","Long, Billy"
"Missouri  7","16","78.00000","Long, Billy "
"Missouri  8","10","71.90000","Emerson, Jo Ann"
"Missouri  8","14","70.12381","Smith, Jason "
"Missouri  8","16","77.20000","Smith, Jason "
"Missouri  9","10","72.90000","Luetkemeyer, Blaine"
"Montana  0","10","68.50000","Rehberg, Denny"
"Montana  0","16","74.30000","Zinke, Ryan"
"Nebraska  1","10","68.93158","Fortenberry, Jeff"
"Nebraska  1","10","68.93158","Fortenberry, Jeff"
"Nebraska  1","12","71.70000","Fortenberry, Jeff"
"Nebraska  1","12","71.70000","Fortenberry, Jeff"
"Nebraska  1","14","69.20000","Fortenberry, Jeff"
"Nebraska  1","14","69.20000","Fortenberry, Jeff"
"Nebraska  1","16","75.20000","Wik, Daniel M."
"Nebraska  2","10","71.69048","Terry, Lee"
"Nebraska  2","10","71.69048","Terry, Lee"
"Nebraska  2","12","70.90000","Terry, Lee"
"Nebraska  2","12","70.90000","Terry, Lee"
"Nebraska  2","14","69.70000","Terry, Lee"
"Nebraska  2","14","69.70000","Terry, Lee"
"Nebraska  2","16","75.40000","Ashford, Brad"
"Nebraska  3","10","73.80000","Smith, Adrian"
"Nebraska  3","10","73.80000","Smith, Adrian"
"Nebraska  3","12","70.47895","Smith, Adrian"
"Nebraska  3","12","70.47895","Smith, Adrian"
"Nebraska  3","14","72.20000","Smith, Adrian"
"Nebraska  3","14","72.20000","Smith, Adrian"
"Nebraska  3","16","75.90000","Smith, Adrian"
"Nevada  1","10","74.10000","Berkley, Shelley"
"Nevada  1","14","72.53158","Titus, Dina"
"Nevada  1","16","79.20000","Titus, Dina"
"Nevada  2","10","73.50000","Heller, Dean "
"Nevada  2","12","69.50000","Amodei, Mark E."
"Nevada  2","14","73.15714","Amodei, Mark E."
"Nevada  2","16","80.10000","Amodei, Mark E."
"Nevada  3","10","76.20000","Titus, Dina "
"Nevada  3","12","69.70000","Heck, Joe"
"Nevada  3","14","74.40000","Heck, Joe"
"New Hampshire  1","10","74.70000","Shea-Porter, Carol "
"New Hampshire  1","12","69.40000","Guinta, Frank C."
"New Hampshire  1","12","69.40000","Guinta, Frank C."
"New Hampshire  1","14","73.30000","Shea-Porter, Carol"
"New Hampshire  1","14","73.30000","Shea-Porter, Carol"
"New Hampshire  1","16","72.00000","Shea-Porter, Carol "
"New Hampshire  1","16","72.00000","Shea-Porter, Carol "
"New Hampshire  2","12","70.50000","Bass, Charles"
"New Hampshire  2","12","70.50000","Bass, Charles"
"New Hampshire  2","14","73.70000","Kuster, Ann McLane"
"New Hampshire  2","14","73.70000","Kuster, Ann McLane"
"New Hampshire  2","16","72.00000","Kuster, Ann McLane"
"New Hampshire  2","16","72.00000","Kuster, Ann McLane"
"New Jersey  1","10","72.35714","Andrews, Robert E."
"New Jersey  1","12","75.20000","Andrews, Robert E."
"New Jersey  1","16","70.50000","Norcross, Donald W."
"New Jersey  2","10","71.20000","LoBiondo, Frank A. "
"New Jersey  2","12","75.31053","LoBiondo, Frank A."
"New Jersey  2","14","75.50000","LoBiondo, Frank A. "
"New Jersey  2","16","71.80000","LoBiondo, Frank A."
"New Jersey  3","10","71.30000","Adler, John A."
"New Jersey  3","12","75.03333","Runyan, Jon"
"New Jersey  3","16","72.20000","MacArthur, Tom"
"New Jersey  4","10","71.10000","Smith, Christopher H."
"New Jersey  4","12","74.60000","Smith, Christopher H."
"New Jersey  4","14","74.62105","Smith, Christopher H."
"New Jersey  4","16","69.60000","Smith, Christopher H."
"New Jersey  5","10","71.50000","Garrett, Scott"
"New Jersey  5","12","75.50000","Garrett, Scott"
"New Jersey  5","14","74.30952","Garrett, Scott"
"New Jersey  5","16","69.00000","Garrett, Scott"
"New Jersey  6","10","72.20000","Pallone, Frank, Jr."
"New Jersey  6","12","74.30000","Pallone, Frank, Jr."
"New Jersey  6","14","74.10000","Pallone, Frank , Jr."
"New Jersey  6","16","68.83684","Pallone, Frank, Jr."
"New Jersey  7","10","72.80000","Lance, Leonard"
"New Jersey  7","12","74.70000","Lance, Leonard"
"New Jersey  7","14","74.40000","Lance, Leonard"
"New Jersey  7","16","68.51429","Lance, Leonard"
"New Jersey  8","10","78.10000","Pascrell, Bill, Jr."
"New Jersey  8","12","76.20000","Sires, Albio"
"New Jersey  8","14","73.80000","Sires, Albio"
"New Jersey  8","16","68.40000","Sires, Albio"
"New Jersey  9","10","78.90000","Rothman, Steven R."
"New Jersey  9","12","77.60000","Pascrell, Bill, Jr."
"New Jersey  9","12","77.60000","Rothman, Steven"
"New Jersey  9","14","73.10000","Pascrell, Bill, Jr."
"New Jersey  9","16","67.70000","Pascrell, Bill, Jr."
"New Jersey 10","10","75.63684","Payne, Donald M."
"New Jersey 10","14","72.20000","Payne, Donald M., Jr."
"New Jersey 10","16","68.50000","Payne, Donald M., Jr."
"New Jersey 11","10","72.81429","Frelinghuysen, Rodney P."
"New Jersey 11","12","77.80000","Frelinghuysen, Rodney P."
"New Jersey 11","14","73.50000","Frelinghuysen, Rodney P."
"New Jersey 11","16","68.60000","Frelinghuysen, Rodney P."
"New Jersey 12","10","70.60000","Holt, Rush"
"New Jersey 12","12","76.87368","Holt, Rush"
"New Jersey 12","16","69.60000","Coleman, Bonnie Watson"
"New Jersey 13","10","70.10000","Sires, Albio "
"New Mexico  1","10","70.30000","Heinrich, Martin T."
"New Mexico  1","14","74.51905","Lujan Grisham, Michelle"
"New Mexico  1","16","75.50000","Lujan Grisham, Michelle"
"New Mexico  2","10","72.60000","Teague, Harry "
"New Mexico  2","12","74.80000","Pearce, Steve"
"New Mexico  2","14","73.80000","Pearce, Steve "
"New Mexico  2","16","72.68421","Pearce, Steve"
"New Mexico  3","10","71.20000","Lujan, Ben R."
"New Mexico  3","12","76.40000","Lujan, Ben R."
"New Mexico  3","14","75.20000","Lujan, Ben R."
"New Mexico  3","16","69.67619","Lujan, Ben R"
"New York  1","10","73.30000","Bishop, Timothy H."
"New York  1","10","73.30000","Bishop, Timothy H."
"New York  1","10","73.30000","Bishop, Timothy H."
"New York  1","10","73.30000","Bishop, Timothy H."
"New York  1","12","77.40000","Bishop, Timothy H."
"New York  1","12","77.40000","Bishop, Timothy H."
"New York  1","12","77.40000","Bishop, Timothy H."
"New York  1","14","74.90000","Bishop, Timothy H."
"New York  1","14","74.90000","Bishop, Timothy H."
"New York  1","14","74.90000","Bishop, Timothy H."
"New York  1","16","66.80000","Zeldin, Lee M."
"New York  1","16","66.80000","Zeldin, Lee M."
"New York  1","16","66.80000","Zeldin, Lee M."
"New York  1","16","66.80000","Zeldin, Lee M."
"New York  2","10","70.01579","Israel, Steve J."
"New York  2","10","70.01579","Israel, Steve J."
"New York  2","10","70.01579","Israel, Steve J."
"New York  2","10","70.01579","Israel, Steve J."
"New York  2","12","72.40000","King, Peter T."
"New York  2","12","72.40000","King, Peter T."
"New York  2","12","72.40000","King, Peter T."
"New York  2","12","72.40000","King, Peter T."
"New York  2","14","78.80000","King, Peter T."
"New York  2","14","78.80000","King, Peter T."
"New York  2","14","78.80000","King, Peter T."
"New York  2","16","66.20000","King, Peter T. "
"New York  3","10","67.21905","King, Peter T."
"New York  3","10","67.21905","King, Peter T."
"New York  3","10","67.21905","King, Peter T."
"New York  3","10","67.21905","King, Peter T."
"New York  3","10","67.21905","King, Peter T."
"New York  3","12","72.30000","Israel, Steve J."
"New York  3","12","72.30000","Israel, Steve J."
"New York  3","12","72.30000","Israel, Steve J."
"New York  3","12","72.30000","Israel, Steve J."
"New York  3","14","78.00000","Israel, Steve J."
"New York  3","14","78.00000","Israel, Steve J."
"New York  3","14","78.00000","Israel, Steve J."
"New York  4","10","64.90000","McCarthy, Carolyn"
"New York  4","10","64.90000","McCarthy, Carolyn"
"New York  4","10","64.90000","McCarthy, Carolyn"
"New York  4","12","71.05789","McCarthy, Carolyn"
"New York  4","12","71.05789","McCarthy, Carolyn"
"New York  4","12","71.05789","McCarthy, Carolyn"
"New York  4","12","71.05789","McCarthy, Carolyn"
"New York  4","16","66.20000","Rice, Kathleen M."
"New York  4","16","66.20000","Rice, Kathleen M."
"New York  5","10","65.00000","Ackerman, Gary L."
"New York  5","10","65.00000","Ackerman, Gary L."
"New York  5","10","65.00000","Ackerman, Gary L."
"New York  5","10","65.00000","Ackerman, Gary L."
"New York  5","12","69.88571","Meeks, Gregory W."
"New York  5","14","68.50000","Meeks, Gregory  W."
"New York  5","16","67.70000","Meeks, Gregory W."
"New York  5","16","67.70000","Meeks, Gregory W."
"New York  6","10","65.10000","Meeks, Gregory W."
"New York  6","14","70.23158","Meng, Grace"
"New York  6","14","70.23158","Meng, Grace"
"New York  6","16","77.80000","Meng, Grace "
"New York  6","16","77.80000","Meng, Grace "
"New York  7","10","64.40000","Crowley, Joseph"
"New York  7","10","64.40000","Crowley, Joseph"
"New York  7","10","64.40000","Crowley, Joseph"
"New York  7","12","69.30000","Velazquez, Nydia M."
"New York  7","12","69.30000","Velazquez, Nydia M."
"New York  7","12","69.30000","Velazquez, Nydia M."
"New York  7","14","71.28571","Valezquez, Nydia M."
"New York  7","14","71.28571","Valezquez, Nydia M."
"New York  7","16","78.40000","Velazquez, Nydia M."
"New York  7","16","78.40000","Velazquez, Nydia M."
"New York  8","10","64.40000","Nadler, Jerrold L."
"New York  8","10","64.40000","Nadler, Jerrold L."
"New York  8","10","64.40000","Nadler, Jerrold L."
"New York  8","14","71.90000","Jeffries, Hakeem S."
"New York  8","14","71.90000","Jeffries, Hakeem S."
"New York  8","16","74.91053","Jeffries, Hakeem S."
"New York  8","16","74.91053","Jeffries, Hakeem S."
"New York  9","10","65.30000","Weiner, Anthony D."
"New York  9","10","65.30000","Weiner, Anthony D."
"New York  9","10","65.30000","Weiner, Anthony D."
"New York  9","10","65.30000","Weiner, Anthony D."
"New York  9","12","69.40000","Clarke, Yvette D."
"New York  9","12","69.40000","Clarke, Yvette D."
"New York  9","12","69.40000","Clarke, Yvette D."
"New York  9","14","72.90000","Clarke, Yvette D."
"New York  9","14","72.90000","Clarke, Yvette D."
"New York  9","16","71.88095","Clarke, Yvette D."
"New York  9","16","71.88095","Clarke, Yvette D."
"New York 10","10","80.50000","Towns, Edolphus"
"New York 10","12","68.20000","Nadler, Jerrold L."
"New York 10","12","68.20000","Nadler, Jerrold L."
"New York 10","12","68.20000","Nadler, Jerrold L."
"New York 10","14","72.20000","Nadler, Jerrold L."
"New York 10","14","72.20000","Nadler, Jerrold L."
"New York 10","16","69.10000","Nadler, Jerrold L."
"New York 10","16","69.10000","Nadler, Jerrold L."
"New York 10","16","69.10000","Nadler, Jerrold L."
"New York 11","10","78.80000","Clarke, Yvette D."
"New York 11","10","78.80000","Clarke, Yvette D."
"New York 11","10","78.80000","Clarke, Yvette D."
"New York 11","12","68.60000","Grimm, Michael G."
"New York 11","12","68.60000","Grimm, Michael G."
"New York 11","12","68.60000","Grimm, Michael G."
"New York 11","14","71.40000","Grimm, Michael G."
"New York 11","14","71.40000","Grimm, Michael G."
"New York 11","14","71.40000","Grimm, Michael G."
"New York 11","16","69.60000","Donovan, Dan"
"New York 11","16","69.60000","Donovan, Dan"
"New York 11","16","69.60000","Donovan, Dan"
"New York 11","16","69.60000","Donovan, Dan"
"New York 12","10","76.25789","Velazquez, Nydia M."
"New York 12","10","76.25789","Velazquez, Nydia M."
"New York 12","10","76.25789","Velazquez, Nydia M."
"New York 12","12","70.00000","Maloney, Carolyn B."
"New York 12","12","70.00000","Maloney, Carolyn B."
"New York 12","12","70.00000","Maloney, Carolyn B."
"New York 12","14","69.90000","Maloney, Carolyn B."
"New York 12","14","69.90000","Maloney, Carolyn B."
"New York 12","16","69.30000","Maloney, Carolyn B."
"New York 12","16","69.30000","Maloney, Carolyn B."
"New York 13","10","73.30476","McMahon, Michael E."
"New York 13","10","73.30476","McMahon, Michael E."
"New York 13","10","73.30476","McMahon, Michael E."
"New York 13","12","68.60000","Rangel, Charles B."
"New York 13","12","68.60000","Rangel, Charles B."
"New York 13","12","68.60000","Rangel, Charles B."
"New York 13","14","70.40000","Rangel, Charles B. #"
"New York 13","14","70.40000","Rangel, Charles B."
"New York 14","10","71.20000","Maloney, Carolyn B."
"New York 14","10","71.20000","Maloney, Carolyn B."
"New York 14","10","71.20000","Maloney, Carolyn B."
"New York 14","12","68.57895","Crowley, Joseph"
"New York 14","12","68.57895","Crowley, Joseph"
"New York 14","12","68.57895","Crowley, Joseph"
"New York 14","14","74.50000","Crowley, Joseph"
"New York 14","14","74.50000","Crowley, Joseph"
"New York 14","16","70.60000","Crowley, Joseph"
"New York 14","16","70.60000","Crowley, Joseph"
"New York 14","16","70.60000","Crowley, Joseph"
"New York 15","10","71.10000","Rangel, Charles B."
"New York 15","10","71.10000","Rangel, Charles B."
"New York 15","10","71.10000","Rangel, Charles B."
"New York 15","12","68.18571","Serrano, Jose E."
"New York 15","12","68.18571","Serrano, Jose E."
"New York 15","12","68.18571","Serrano, Jose E."
"New York 15","14","72.70000","Serrano, Jose E."
"New York 15","14","72.70000","Serrano, Jose E."
"New York 15","16","71.90000","Serrano, Jose E."
"New York 16","10","69.50000","Serrano, Jose E."
"New York 16","10","69.50000","Serrano, Jose E."
"New York 16","10","69.50000","Serrano, Jose E."
"New York 16","12","67.70000","Engel, Eliot L."
"New York 16","12","67.70000","Engel, Eliot L."
"New York 16","12","67.70000","Engel, Eliot L."
"New York 16","14","72.96316","Engel, Eliot L."
"New York 16","14","72.96316","Engel, Eliot L."
"New York 16","16","73.30000","Engel, Eliot L."
"New York 16","16","73.30000","Engel, Eliot L."
"New York 16","16","73.30000","Engel, Eliot L."
"New York 17","10","70.20000","Engel, Eliot L."
"New York 17","10","70.20000","Engel, Eliot L."
"New York 17","10","70.20000","Engel, Eliot L."
"New York 17","12","67.90000","Lowey, Nita M."
"New York 17","12","67.90000","Lowey, Nita M."
"New York 17","12","67.90000","Lowey, Nita M."
"New York 17","14","72.65714","Lowey, Nita M."
"New York 17","14","72.65714","Lowey, Nita M."
"New York 17","16","73.70000","Lowey, Nita M."
"New York 17","16","73.70000","Lowey, Nita M."
"New York 17","16","73.70000","Lowey, Nita M."
"New York 18","10","72.00000","Lowey, Nita M."
"New York 18","10","72.00000","Lowey, Nita M."
"New York 18","10","72.00000","Lowey, Nita M."
"New York 18","10","72.00000","Lowey, Nita M."
"New York 18","12","67.60000","Hayworth, Nan"
"New York 18","12","67.60000","Hayworth, Nan"
"New York 18","12","67.60000","Hayworth, Nan"
"New York 18","14","72.40000","Maloney, Sean Patrick"
"New York 18","14","72.40000","Maloney, Sean Patrick"
"New York 18","14","72.40000","Maloney, Sean Patrick"
"New York 18","16","72.76316","Maloney, Sean Patrick"
"New York 18","16","72.76316","Maloney, Sean Patrick"
"New York 18","16","72.76316","Maloney, Sean Patrick"
"New York 18","16","72.76316","Maloney, Sean Patrick"
"New York 19","10","73.30000","Hall, John J."
"New York 19","10","73.30000","Hall, John J."
"New York 19","10","73.30000","Hall, John J."
"New York 19","12","69.10000","Gibson, Christopher P."
"New York 19","12","69.10000","Gibson, Christopher P."
"New York 19","12","69.10000","Gibson, Christopher P."
"New York 19","12","69.10000","Gibson, Christopher P."
"New York 19","14","72.60000","Gibson, Christopher P."
"New York 19","14","72.60000","Gibson, Christopher P."
"New York 19","14","72.60000","Gibson, Christopher P."
"New York 20","10","79.50000","Murphy, Scott"
"New York 20","10","79.50000","Murphy, Scott"
"New York 20","10","79.50000","Murphy, Scott"
"New York 20","10","79.50000","Murphy, Scott"
"New York 20","12","70.10000","Tonko, Paul D."
"New York 20","12","70.10000","Tonko, Paul D."
"New York 20","12","70.10000","Tonko, Paul D."
"New York 20","12","70.10000","Tonko, Paul D."
"New York 20","14","71.90000","Tonko, Paul D."
"New York 20","14","71.90000","Tonko, Paul D."
"New York 20","14","71.90000","Tonko, Paul D."
"New York 20","16","70.80000","Tonko, Paul D."
"New York 20","16","70.80000","Tonko, Paul D."
"New York 20","16","70.80000","Tonko, Paul D."
"New York 20","16","70.80000","Tonko, Paul D."
"New York 21","10","76.90000","Tonko, Paul D."
"New York 21","10","76.90000","Tonko, Paul D."
"New York 21","10","76.90000","Tonko, Paul D."
"New York 21","10","76.90000","Tonko, Paul D."
"New York 21","12","70.60000","Owens, William L."
"New York 21","12","70.60000","Owens, William L."
"New York 21","12","70.60000","Owens, William L."
"New York 21","16","72.70000","Stefanik, Elise M."
"New York 21","16","72.70000","Stefanik, Elise M."
"New York 21","16","72.70000","Stefanik, Elise M."
"New York 21","16","72.70000","Stefanik, Elise M."
"New York 22","10","76.18947","Hinchey, Maurice D."
"New York 22","10","76.18947","Hinchey, Maurice D."
"New York 22","10","76.18947","Hinchey, Maurice D."
"New York 22","10","76.18947","Hinchey, Maurice D."
"New York 22","12","76.20000","Hanna, Richard L."
"New York 22","12","76.20000","Hanna, Richard L."
"New York 22","12","76.20000","Hanna, Richard L."
"New York 22","14","72.80000","Hanna, Richard L."
"New York 22","14","72.80000","Hanna, Richard L."
"New York 23","10","74.78095","Owens, William L."
"New York 23","10","74.78095","Owens, William L."
"New York 23","10","74.78095","Owens, William L."
"New York 23","12","75.10000","Reed, Thomas W., II"
"New York 23","12","75.10000","Reed, Thomas W., II"
"New York 23","12","75.10000","Reed, Thomas W., II"
"New York 23","12","75.10000","Reed, Thomas W., II"
"New York 23","14","73.60000","Reed, Thomas W., II"
"New York 23","14","73.60000","Reed, Thomas W., II"
"New York 23","14","73.60000","Reed, Thomas W., II"
"New York 23","16","70.60000","Reed, Thomas W., II"
"New York 23","16","70.60000","Reed, Thomas W., II"
"New York 23","16","70.60000","Reed, Thomas W., II"
"New York 23","16","70.60000","Reed, Thomas W., II"
"New York 24","10","72.70000","Arcuri, Michael A."
"New York 24","10","72.70000","Arcuri, Michael A."
"New York 24","10","72.70000","Arcuri, Michael A."
"New York 24","12","74.33684","Buerkle, Ann Marie"
"New York 24","12","74.33684","Buerkle, Ann Marie"
"New York 24","12","74.33684","Buerkle, Ann Marie"
"New York 24","12","74.33684","Buerkle, Ann Marie"
"New York 24","14","76.20000","Maffei, Daniel B."
"New York 24","14","76.20000","Maffei, Daniel B."
"New York 24","16","71.30000","Katko, John M."
"New York 24","16","71.30000","Katko, John M."
"New York 24","16","71.30000","Katko, John M."
"New York 24","16","71.30000","Katko, John M."
"New York 25","10","74.40000","Maffei, Daniel B."
"New York 25","10","74.40000","Maffei, Daniel B."
"New York 25","10","74.40000","Maffei, Daniel B."
"New York 25","12","73.42381","Slaughter, Louise M."
"New York 25","12","73.42381","Slaughter, Louise M."
"New York 25","12","73.42381","Slaughter, Louise M."
"New York 25","14","75.60000","Slaughter, Louise M."
"New York 25","14","75.60000","Slaughter, Louise M."
"New York 25","16","71.10000","Slaughter, Louise M."
"New York 25","16","71.10000","Slaughter, Louise M."
"New York 25","16","71.10000","Slaughter, Louise M."
"New York 26","10","74.80000","Lee, Christopher J."
"New York 26","10","74.80000","Lee, Christopher J."
"New York 26","10","74.80000","Lee, Christopher J."
"New York 26","10","74.80000","Lee, Christopher J."
"New York 26","12","71.50000","Higgins, Brian"
"New York 26","12","71.50000","Higgins, Brian"
"New York 26","12","71.50000","Higgins, Brian"
"New York 26","14","74.36842","Higgins, Brian"
"New York 26","14","74.36842","Higgins, Brian"
"New York 26","16","76.00000","Higgins, Brian"
"New York 26","16","76.00000","Higgins, Brian"
"New York 26","16","76.00000","Higgins, Brian"
"New York 27","10","75.00000","Higgins, Brian"
"New York 27","10","75.00000","Higgins, Brian"
"New York 27","10","75.00000","Higgins, Brian"
"New York 27","12","73.40000","Hochul, Kathy C."
"New York 27","12","73.40000","Hochul, Kathy C."
"New York 27","12","73.40000","Hochul, Kathy C."
"New York 27","14","72.92857","Collins, Chris"
"New York 27","14","72.92857","Collins, Chris"
"New York 27","14","72.92857","Collins, Chris"
"New York 27","16","76.00000","Collins, Chris"
"New York 27","16","76.00000","Collins, Chris"
"New York 27","16","76.00000","Collins, Chris"
"New York 27","16","76.00000","Collins, Chris"
"New York 28","10","73.90000","Slaughter, Louise M."
"New York 28","10","73.90000","Slaughter, Louise M."
"New York 28","10","73.90000","Slaughter, Louise M."
"New York 28","10","73.90000","Slaughter, Louise M."
"North Carolina  1","10","69.60000","Butterfield, G. K."
"North Carolina  1","12","76.00000","Butterfield, G. K ."
"North Carolina  1","14","69.90000","Butterfield, G. K."
"North Carolina  1","16","71.20000","Butterfield, G. K."
"North Carolina  2","10","70.86842","Etheridge, Bob"
"North Carolina  2","12","74.60000","Ellmers, Renee"
"North Carolina  2","14","68.50000","Ellmers, Renee"
"North Carolina  2","16","72.70000","Holding, George"
"North Carolina  2","16","72.70000","Ellmers, Renee"
"North Carolina  3","10","72.04762","Jones, Walter B."
"North Carolina  3","12","74.30000","Jones, Walter B."
"North Carolina  3","14","71.50000","Jones, Walter"
"North Carolina  3","16","71.10000","Jones, Walter B."
"North Carolina  4","10","73.30000","Price, David"
"North Carolina  4","12","73.48421","Price, David"
"North Carolina  4","14","77.40000","Price, David"
"North Carolina  4","16","72.10000","Price, David"
"North Carolina  5","10","72.20000","Foxx, Virginia"
"North Carolina  5","12","72.58095","Foxx, Virginia "
"North Carolina  5","14","76.60000","Foxx, Virginia"
"North Carolina  5","16","69.70000","Foxx, Virginia"
"North Carolina  6","10","72.50000","Coble, Howard"
"North Carolina  6","12","71.90000","Coble, Howard"
"North Carolina  6","16","73.20000","Walker, B. Mark"
"North Carolina  7","10","74.60000","McIntyre, Mike"
"North Carolina  7","12","71.90000","McIntyre, Mike "
"North Carolina  7","16","72.40000","Rouzer, David"
"North Carolina  8","10","73.80000","Kissell, Larry"
"North Carolina  8","12","72.00000","Kissell, Larry "
"North Carolina  8","14","70.50000","Hudson, Richard"
"North Carolina  8","16","71.84737","Hudson, Richard"
"North Carolina  9","10","74.90000","Myrick, Sue"
"North Carolina  9","14","70.80000","Pittenger, Robert"
"North Carolina  9","16","71.02857","Pittenger, Robert"
"North Carolina 10","10","75.20000","McHenry, Patrick"
"North Carolina 10","12","72.30000","McHenry, Patrick "
"North Carolina 10","14","71.40000","McHenry, Patrick"
"North Carolina 10","16","70.50000","McHenry, Patrick"
"North Carolina 11","10","74.00000","Shuler, Heath"
"North Carolina 11","14","70.00000","Meadows, Mark"
"North Carolina 11","16","70.30000","Meadows, Mark"
"North Carolina 12","10","75.89474","Watt, Mel"
"North Carolina 12","12","75.40000","Watt, Mel"
"North Carolina 12","16","70.50000","Adams, Alma"
"North Carolina 13","10","77.34762","Miller, Brad"
"North Carolina 13","14","74.00000","Holding, George"
"North Dakota  0","10","78.30000","Pomeroy, Earl"
"North Dakota  0","14","74.00000","Cramer, Kevin"
"North Dakota  0","16","70.40000","Cramer, Kevin"
"Ohio  1","10","79.50000","Driehaus, Steve"
"Ohio  1","12","75.20000","Chabot, Steve"
"Ohio  1","14","77.66190","Chabot, Steve"
"Ohio  1","16","73.10000","Chabot, Steve"
"Ohio  2","10","78.80000","Schmidt, Jean"
"Ohio  2","12","74.70000","Schmidt, Jean"
"Ohio  2","14","78.40000","Wenstrup, Brad "
"Ohio  2","16","73.35789","Wenstrup, Brad "
"Ohio  3","10","79.50000","Fogle, Guy N."
"Ohio  3","10","79.50000","Roberts, Joe"
"Ohio  3","10","79.50000","Turner, Mike"
"Ohio  3","10","79.50000","Esrati, David "
"Ohio  3","14","79.30000","Beatty, Joyce B."
"Ohio  3","16","73.18571","Beatty, Joyce"
"Ohio  4","10","70.90000","Jordan, Jim"
"Ohio  4","12","76.50000","Jordan, Jim"
"Ohio  4","14","79.80000","Jordan, Jim "
"Ohio  4","16","73.40000","Jordan, Jim"
"Ohio  5","10","69.30000","Latta, Bob"
"Ohio  5","12","75.90000","Latta, Bob"
"Ohio  5","14","79.30000","Latta, Bob"
"Ohio  5","16","72.60000","Latta, Bob"
"Ohio  6","10","71.91579","Wilson, Charlie"
"Ohio  6","12","77.80000","Johnson, Bill"
"Ohio  6","14","70.40000","Johnson, Bill"
"Ohio  6","16","73.40000","Johnson, Bill"
"Ohio  7","10","73.86190","Austria, Steve"
"Ohio  7","12","77.80000","Gibbs, Bob"
"Ohio  7","14","70.60000","Gibbs, Bob "
"Ohio  7","16","71.70000","Gibbs, Bob "
"Ohio  8","10","75.10000","Boehner, John A."
"Ohio  8","12","77.22632","Boehner, John A."
"Ohio  8","14","78.10000","Boehner, John A."
"Ohio  9","10","76.30000","Kaptur, Marcy"
"Ohio  9","12","76.63333","Kucinich, Dennis J."
"Ohio  9","12","76.63333","Kaptur, Marcy"
"Ohio  9","14","76.10000","Kaptur, Marcy"
"Ohio  9","16","72.90000","Kaptur, Marcy"
"Ohio 10","10","75.40000","Kucinich, Dennis J."
"Ohio 10","12","76.70000","Turner, Mike"
"Ohio 10","14","75.63158","Turner, Mike"
"Ohio 10","16","63.60000","Turner, Mike "
"Ohio 11","10","75.30000","Fudge, Marcia L."
"Ohio 11","12","75.70000","Fudge, Marcia L."
"Ohio 11","14","74.40476","Fudge, Marcia L."
"Ohio 11","16","65.40000","Fudge, Marcia L."
"Ohio 12","10","76.10000","Tiberi, Pat"
"Ohio 12","12","75.50000","Tiberi, Pat"
"Ohio 12","14","74.20000","Tiberi, Pat"
"Ohio 12","16","69.08947","Tiberi, Pat"
"Ohio 13","10","76.00000","Sutton, Betty"
"Ohio 13","12","75.10000","Ryan, Tim"
"Ohio 13","14","74.00000","Ryan, Tim"
"Ohio 13","16","73.06190","Ryan, Tim "
"Ohio 14","10","77.30000","LaTourette, Steven C."
"Ohio 14","12","76.10000","LaTourette, Steven C.  #"
"Ohio 14","14","71.00000","Joyce, David P."
"Ohio 14","16","76.20000","Joyce, David P."
"Ohio 15","10","75.00000","Kilroy, Mary Jo"
"Ohio 15","12","76.00000","Stivers, Steve"
"Ohio 15","14","70.30000","Stivers, Steve"
"Ohio 15","16","77.20000","Stivers, Steve"
"Ohio 16","10","72.12632","Boccieri, John A."
"Ohio 16","12","75.50000","Sutton, Betty"
"Ohio 16","12","75.50000","Renacci, Jim"
"Ohio 16","14","72.30000","Renacci, Jim"
"Ohio 16","16","75.90000","Renacci, Jim"
"Ohio 17","10","68.74286","Ryan, Timothy J."
"Ohio 18","10","66.80000","Space, Zack"
"Oklahoma  1","10","65.20000","Sullivan, John"
"Oklahoma  1","12","74.50000","Sullivan, John"
"Oklahoma  1","14","69.81053","Bridenstine, Jim"
"Oklahoma  1","16","69.80000","Bridenstine, Jim "
"Oklahoma  2","10","66.60000","Boren, Dan"
"Oklahoma  2","14","68.70952","Mullin, Markwayne"
"Oklahoma  2","16","70.30000","Mullin, Markwayne "
"Oklahoma  3","10","67.20000","Lucas, Frank D."
"Oklahoma  3","12","74.90000","Lucas, Frank D."
"Oklahoma  3","14","67.30000","Lucas, Frank D."
"Oklahoma  3","16","71.71053","Lucas, Frank D."
"Oklahoma  4","10","67.90000","Cole, Tom"
"Oklahoma  4","12","74.80000","Cole, Tom"
"Oklahoma  4","14","67.50000","Cole, Tom"
"Oklahoma  4","16","73.20000","Cole, Tom"
"Oklahoma  5","12","73.90000","Lankford, James"
"Oklahoma  5","16","74.20000","Russell, Steve "
"Oregon  1","10","66.66842","Wu, David"
"Oregon  1","12","79.00000","Bonamici, Suzanne"
"Oregon  1","14","69.30000","Bonamici, Suzanne "
"Oregon  1","16","73.10000","Bonamici, Suzanne"
"Oregon  1","16","73.10000","Bonamici, Suzanne"
"Oregon  2","10","68.00952","Walden, Greg"
"Oregon  2","12","78.00000","Walden, Greg "
"Oregon  2","14","70.50000","Walden, Greg "
"Oregon  2","16","74.60000","Walden, Greg"
"Oregon  2","16","74.60000","Walden, Greg"
"Oregon  3","10","68.80000","Blumenauer, Earl"
"Oregon  3","12","78.20526","Blumenauer, Earl "
"Oregon  3","14","74.70000","Blumenauer, Earl "
"Oregon  3","16","74.40000","Blumenauer, Earl "
"Oregon  4","10","70.20000","DeFazio, Peter A."
"Oregon  4","10","70.20000","DeFazio, Peter A."
"Oregon  4","12","78.09524","DeFazio, Peter A."
"Oregon  4","14","75.10000","DeFazio, Peter A."
"Oregon  4","16","74.30000","DeFazio, Peter A."
"Oregon  4","16","74.30000","DeFazio, Peter A."
"Oregon  5","10","68.70000","Schrader, Kurt"
"Oregon  5","10","68.70000","Schrader, Kurt"
"Oregon  5","12","77.90000","Schrader, Kurt "
"Oregon  5","14","74.73158","Schrader, Kurt"
"Oregon  5","16","70.50000","Schrader, Kurt"
"Oregon  5","16","70.50000","Schrader, Kurt"
"Pennsylvania  1","10","69.20000","Brady, Robert A."
"Pennsylvania  1","12","77.50000","Brady, Robert A."
"Pennsylvania  1","14","74.20000","Brady, Robert A."
"Pennsylvania  1","16","69.16316","Brady, Robert A."
"Pennsylvania  2","10","71.90000","Fattah, Chaka"
"Pennsylvania  2","12","78.20000","Fattah, Chaka"
"Pennsylvania  2","14","74.50000","Fattah, Chaka "
"Pennsylvania  3","10","79.80000","Dahlkemper, Kathy"
"Pennsylvania  3","12","77.90000","Kelly, Mike"
"Pennsylvania  3","14","74.50000","Kelly, Mike"
"Pennsylvania  3","16","68.90000","Kelly, Mike "
"Pennsylvania  4","10","77.80000","Altmire, Jason"
"Pennsylvania  4","14","74.50000","Perry, Scott"
"Pennsylvania  4","16","68.20000","Perry, Scott"
"Pennsylvania  5","10","74.32632","Thompson, Glenn"
"Pennsylvania  5","12","78.30000","Thompson, Glenn"
"Pennsylvania  5","14","79.10000","Thompson, Glenn GT"
"Pennsylvania  5","16","69.70000","Thompson, Glenn GT"
"Pennsylvania  6","10","70.41905","Gerlach, Jim"
"Pennsylvania  6","12","77.70000","Gerlach, Jim"
"Pennsylvania  6","16","67.40000","Costello, Ryan"
"Pennsylvania  7","12","75.34737","Meehan, Patrick L."
"Pennsylvania  7","14","80.60000","Meehan, Patrick L."
"Pennsylvania  7","16","69.20000","Meehan, Patrick L."
"Pennsylvania  8","10","68.90000","Murphy, Patrick J."
"Pennsylvania  8","12","72.98095","Fitzpatrick, Mike"
"Pennsylvania  8","14","79.40000","Fitzpatrick, Michael G."
"Pennsylvania  9","10","65.60000","Shuster, Bill"
"Pennsylvania  9","12","70.60000","Shuster, Bill"
"Pennsylvania  9","14","78.73684","Shuster, Bill"
"Pennsylvania  9","16","74.10000","Shuster, Bill"
"Pennsylvania 10","10","66.80000","Carney, Christopher Paul"
"Pennsylvania 10","12","71.30000","Marino, Thomas A."
"Pennsylvania 10","14","77.71429","Marino, Tom"
"Pennsylvania 10","16","72.40000","Marino, Tom"
"Pennsylvania 11","10","69.80000","Kanjorski, Paul E. "
"Pennsylvania 11","12","71.80000","Barletta, Lou"
"Pennsylvania 11","14","76.60000","Barletta, Lou"
"Pennsylvania 11","16","75.91579","Barletta, Lou "
"Pennsylvania 12","10","68.00000","Critz, Mark S. #"
"Pennsylvania 12","12","71.60000","Altmire, Jason"
"Pennsylvania 12","12","71.60000","Critz, Mark S."
"Pennsylvania 12","14","77.10000","Rothfus, Keith "
"Pennsylvania 12","16","78.66667","Rothfus, Keith "
"Pennsylvania 13","10","78.60000","Schwartz, Allyson Y."
"Pennsylvania 13","12","71.20000","Schwartz, Allyson Y."
"Pennsylvania 13","16","80.20000","Boyle, Brendan F."
"Pennsylvania 14","10","78.40000","Doyle, Mike "
"Pennsylvania 14","12","72.50000","Doyle, Mike"
"Pennsylvania 14","14","76.40000","Doyle, Mike"
"Pennsylvania 14","16","82.50000","Doyle, Mike"
"Pennsylvania 15","10","77.93684","Dent, Charles W."
"Pennsylvania 15","12","64.20000","Dent, Charles W."
"Pennsylvania 15","14","73.80000","Dent, Charles W."
"Pennsylvania 15","16","81.00000","Dent, Charles W."
"Pennsylvania 16","10","77.43333","Pitts, Joseph R."
"Pennsylvania 16","12","63.10000","Pitts, Joseph R."
"Pennsylvania 16","14","74.30000","Pitts, Joseph R."
"Pennsylvania 17","10","77.40000","Holden, Tim"
"Pennsylvania 17","12","64.02105","Holden, Tim"
"Pennsylvania 17","14","75.20000","Cartwright, Matt"
"Pennsylvania 17","16","81.00000","Cartwright, Matt"
"Pennsylvania 18","10","76.30000","Murphy, Tim"
"Pennsylvania 18","12","64.51429","Murphy, Tim"
"Pennsylvania 18","14","72.40000","Murphy, Tim"
"Pennsylvania 18","16","81.30000","Murphy, Tim "
"Pennsylvania 19","10","77.00000","Platts, Todd"
"Rhode Island  1","12","66.40000","Cicilline, David N."
"Rhode Island  1","14","81.60000","Cicilline, David N."
"Rhode Island  1","16","71.92632","Cicilline, David N."
"Rhode Island  2","10","77.60000","Langevin, James R."
"Rhode Island  2","12","64.40000","Langevin, James R."
"Rhode Island  2","14","80.90000","Langevin, James R."
"Rhode Island  2","16","71.63333","Langevin, James R."
"South Carolina  1","12","66.80000","Scott, Tim"
"South Carolina  1","14","80.90000","Sanford, Mark"
"South Carolina  1","16","71.70000","Sanford, Mark"
"South Carolina  2","10","73.51579","Wilson, Joe"
"South Carolina  2","12","66.50000","Wilson, Joe"
"South Carolina  2","14","82.00000","Wilson, Joe"
"South Carolina  2","16","71.20000","Wilson, Joe"
"South Carolina  3","12","63.80000","Duncan, Jeff"
"South Carolina  3","14","82.50000","Duncan, Jeff"
"South Carolina  3","16","71.90000","Duncan, Jeff"
"South Carolina  4","10","64.70000","Inglis, Bob"
"South Carolina  4","12","65.81579","Gowdy, Trey"
"South Carolina  4","14","73.90000","Gowdy, Trey"
"South Carolina  4","16","72.60000","Gowdy, Trey"
"South Carolina  5","10","63.70000","Spratt, John"
"South Carolina  5","12","66.90952","Mulvaney, Mick"
"South Carolina  5","14","72.50000","Mulvaney, Mick "
"South Carolina  5","16","72.60000","Mulvaney, Mick"
"South Carolina  6","10","64.20000","Clyburn, James E. ""Jim"""
"South Carolina  6","12","67.00000","Clyburn, James E. ""Jim"""
"South Carolina  6","14","75.98421","Clyburn, James E. ""Jim"" "
"South Carolina  6","16","70.70000","Clyburn, James E. ""Jim"""
"South Dakota  0","10","65.40000","Sandlin, Stephanie Herseth"
"South Dakota  0","12","69.10000","Noem, Kristi"
"South Dakota  0","14","81.60000","Noem, Kristi"
"South Dakota  0","16","73.44737","Noem, Kristi"
"Tennessee  1","10","78.60000","Roe, David Philip"
"Tennessee  1","12","70.50000","Roe, Phil"
"Tennessee  1","14","79.90000","Roe, Phil"
"Tennessee  1","16","78.00000","Roe, Phil"
"Tennessee  2","10","77.80000","Duncan, John J., Jr."
"Tennessee  2","12","68.60000","Duncan, John J., Jr."
"Tennessee  2","14","80.90000","Duncan, John J., Jr."
"Tennessee  2","16","78.50000","Duncan, John J., Jr."
"Tennessee  3","12","70.90000","Fleischmann, Chuck"
"Tennessee  3","14","82.00000","Fleischmann, Chuck"
"Tennessee  3","16","78.90000","Fleischmann, Chuck"
"Tennessee  4","10","75.49048","Davis, Lincoln"
"Tennessee  4","12","71.90000","DesJarlais, Scott"
"Tennessee  4","14","82.50000","DesJarlais, Scott"
"Tennessee  4","16","79.60000","DesJarlais, Scott"
"Tennessee  5","10","74.30000","Cooper, Jim"
"Tennessee  5","12","75.10526","Cooper, Jim"
"Tennessee  5","14","75.50000","Cooper, Jim"
"Tennessee  5","16","79.20000","Cooper, Jim"
"Tennessee  6","12","78.45238","Black, Diane"
"Tennessee  6","14","75.90000","Black, Diane"
"Tennessee  6","16","78.80000","Black, Diane"
"Tennessee  7","10","73.90000","Blackburn, Marsha "
"Tennessee  7","12","81.20000","Blackburn, Marsha"
"Tennessee  7","14","75.21579","Blackburn, Marsha"
"Tennessee  7","16","75.10000","Blackburn, Marsha"
"Tennessee  8","12","81.10000","Fincher, Stephen Lee"
"Tennessee  8","14","74.71429","Fincher, Stephen Lee"
"Tennessee  9","10","76.30000","Cohen, Steve"
"Tennessee  9","12","81.20000","Cohen, Steve"
"Tennessee  9","14","74.20000","Cohen, Steve "
"Tennessee  9","16","74.79474","Cohen, Steve"
"Texas  1","10","76.40000","Gohmert, Louie "
"Texas  1","12","81.50000","Gohmert, Louie"
"Texas  1","14","74.70000","Gohmert, Louie"
"Texas  1","16","72.60000","Gohmert, Louie "
"Texas  2","10","74.60000","Poe, Ted"
"Texas  2","12","81.60000","Poe, Ted"
"Texas  2","14","74.60000","Poe, Ted"
"Texas  2","16","73.10000","Poe, Ted"
"Texas  3","10","73.55789","Johnson, Sam"
"Texas  3","12","82.70000","Johnson, Sam"
"Texas  3","14","74.90000","Johnson, Sam"
"Texas  3","16","72.90000","Johnson, Sam"
"Texas  4","10","72.02857","Hall, Ralph M."
"Texas  4","12","81.70000","Hall, Ralph M."
"Texas  4","14","74.90000","Hall, Ralph M."
"Texas  4","16","71.80000","Ratcliffe, John"
"Texas  5","10","70.60000","Hensarling, Jeb"
"Texas  5","12","82.18421","Hensarling, Jeb"
"Texas  5","14","77.70000","Hensarling, Jeb"
"Texas  5","16","72.40000","Hensarling, Jeb"
"Texas  6","10","70.40000","Barton, Joe L. "
"Texas  6","12","82.32857","Barton, Joe L."
"Texas  6","14","77.20000","Barton, Joe"
"Texas  6","16","72.70000","Barton, Joe"
"Texas  7","10","72.00000","Culberson, John"
"Texas  7","12","82.30000","Culberson, John"
"Texas  7","14","76.46842","Culberson, John"
"Texas  7","16","77.70000","Culberson, John"
"Texas  8","10","71.00000","Brady, Kevin"
"Texas  8","12","82.80000","Brady, Kevin"
"Texas  8","14","75.62381","Brady, Kevin"
"Texas  8","16","75.60000","Brady, Kevin"
"Texas  9","10","71.80000","Green, Al"
"Texas  9","12","82.30000","Green, Al"
"Texas  9","14","75.30000","Green, Al"
"Texas  9","16","72.64211","Green, Al"
"Texas 10","10","71.90000","McCaul, Michael"
"Texas 10","12","82.50000","McCaul, Michael"
"Texas 10","14","74.30000","McCaul, Michael"
"Texas 10","16","69.31429","McCaul, Michael T."
"Texas 11","10","75.90000","Conaway, Mike"
"Texas 11","12","82.70000","Conaway, Mike"
"Texas 11","14","74.70000","Conaway, Mike"
"Texas 11","16","66.40000","Conaway, Mike"
"Texas 12","10","74.40000","Granger, Kay "
"Texas 12","12","81.20000","Granger, Kay"
"Texas 12","14","74.90000","Granger, Kay"
"Texas 12","16","66.00000","Granger, Kay "
"Texas 13","10","75.32105","Thornberry, Mac"
"Texas 13","12","83.70000","Thornberry, Mac"
"Texas 13","14","75.20000","Thornberry, Mac"
"Texas 13","16","67.00000","Thornberry, Mac "
"Texas 14","10","75.76667","Paul, Ron"
"Texas 14","14","76.70000","Weber, Randy"
"Texas 14","16","68.60000","Weber, Randy"
"Texas 15","10","76.10000","Hinojosa, Rubén"
"Texas 15","12","83.68947","Hinojosa, Rubén"
"Texas 15","14","82.80000","Hinojosa, Rubén"
"Texas 16","10","75.90000","Reyes, Silvestre"
"Texas 16","12","83.65238","Reyes, Silvestre"
"Texas 16","14","81.60000","O'Rourke, Beto"
"Texas 16","16","67.30000","O'Rourke, Beto"
"Texas 17","10","76.10000","Edwards, Chet"
"Texas 17","12","83.60000","Flores, Bill"
"Texas 17","14","78.98421","Flores, Bill"
"Texas 17","16","70.90000","Flores, Bill"
"Texas 18","10","77.10000","Lee, Sheila Jackson"
"Texas 18","12","83.40000","Jackson Lee, Sheila"
"Texas 18","14","76.15238","Jackson Lee, Sheila"
"Texas 18","16","70.90000","Jackson Lee, Sheila"
"Texas 19","10","77.20000","Neugebauer, Randy"
"Texas 19","12","83.70000","Neugebauer, Randy"
"Texas 19","14","74.30000","Neugebauer, Randy"
"Texas 20","10","78.00000","Gonzales, Charles A."
"Texas 20","14","72.60000","Castro, Joaquin"
"Texas 20","16","71.10000","Castro, Joaquin"
"Texas 21","10","76.90000","Smith, Lamar"
"Texas 21","12","84.80000","Smith, Lamar"
"Texas 21","14","74.30000","Smith, Lamar"
"Texas 21","16","70.70000","Smith, Lamar"
"Texas 22","10","74.80000","Olson, Pete"
"Texas 22","12","84.30000","Olson, Pete"
"Texas 22","14","73.80000","Olson, Pete"
"Texas 22","16","71.70000","Olson, Pete"
"Texas 23","10","76.11579","Rodriguez, Ciro D."
"Texas 23","12","85.80000","Canseco, Francisco ""Quico"""
"Texas 23","14","75.70000","Gallego, Pete P."
"Texas 23","16","72.30000","Hurd, Will "
"Texas 24","10","76.77143","Marchant, Kenny E."
"Texas 24","12","84.30000","Marchant, Kenny E."
"Texas 24","14","74.80000","Marchant, Kenny E."
"Texas 24","16","70.70000","Marchant, Kenny E."
"Texas 25","10","77.40000","Doggett, Lloyd"
"Texas 25","14","82.80000","Williams, Roger"
"Texas 25","16","69.90000","Williams, Roger"
"Texas 26","10","76.40000","Burgess, Michael C."
"Texas 26","12","82.54762","Burgess, Michael"
"Texas 26","14","81.60000","Burgess, Michael"
"Texas 26","16","69.70000","Burgess, Michael C."
"Texas 27","10","77.80000","Ortiz, Solomon P."
"Texas 27","12","81.00000","Farenthold, Blake"
"Texas 27","14","79.17895","Farenthold, Blake"
"Texas 27","16","82.30000","Farenthold, Blake"
"Texas 28","10","78.80000","Cuellar, Henry"
"Texas 28","12","82.20000","Cuellar, Henry"
"Texas 28","14","76.59048","Cuellar, Henry"
"Texas 28","16","81.40000","Cuellar, Henry"
"Texas 29","10","79.10000","Green, Gene"
"Texas 29","12","82.40000","Green, Gene"
"Texas 29","14","74.10000","Green, Gene"
"Texas 29","16","77.46316","Green, Gene"
"Texas 30","10","79.60000","Johnson, Eddie Bernice"
"Texas 30","12","83.10000","Johnson, Eddie Bernice"
"Texas 30","14","74.00000","Johnson, Eddie Bernice"
"Texas 30","16","73.48571","Johnson, Eddie Bernice"
"Texas 31","10","77.10000","Carter, John R. "
"Texas 31","12","82.10000","Carter, John R."
"Texas 31","14","76.00000","Carter, John"
"Texas 31","16","70.30000","Carter, John "
"Texas 32","10","76.50000","Sessions, Pete"
"Texas 32","12","83.30000","Sessions, Pete"
"Texas 32","14","75.60000","Sessions, Pete"
"Texas 32","16","70.10000","Sessions, Pete"
"Utah  1","10","75.43810","Bishop, Rob"
"Utah  1","12","82.80000","Bishop, Rob"
"Utah  1","14","75.10000","Bishop, Rob"
"Utah  1","16","70.20000","Bishop, Rob"
"Utah  2","10","74.80000","Matheson, Jim"
"Utah  2","14","76.70000","Stewart, Chris"
"Utah  2","16","70.60000","Chaffetz, Jason"
"Utah  2","16","70.60000","Stewart, Chris"
"Utah  3","10","75.40000","Chaffetz, Jason"
"Utah  3","12","80.55238","Chaffetz, Jason"
"Utah  3","14","75.50000","Chaffetz, Jason"
"Vermont  0","10","75.40000","Welch, Peter"
"Vermont  0","12","79.60000","Welch, Peter"
"Vermont  0","14","74.11429","Welch, Peter"
"Vermont  0","16","77.70000","Welch, Peter"
"Virginia  1","10","76.30000","Wittman, Robert J. ""Rob"""
"Virginia  1","12","79.80000","Wittman, Robert J. ""Rob"""
"Virginia  1","14","74.70000","Wittman, Robert J. ""Rob"" "
"Virginia  1","16","76.34286","Wittman, Robert J. ""Rob"""
"Virginia  2","10","72.30000","Nye, Glenn C., III"
"Virginia  2","12","79.70000","Rigell, E. Scott"
"Virginia  2","14","73.80000","Rigell, E. Scott "
"Virginia  2","16","75.10000","Forbes, J. Randy"
"Virginia  3","10","71.60000","Scott, Robert C. ""Bobby"""
"Virginia  3","12","80.80000","Scott, Robert C. ""Bobby"""
"Virginia  3","14","73.80000","Scott, Robert C. ""Bobby"""
"Virginia  3","16","76.20000","Scott, Robert C. ""Bobby"""
"Virginia  4","10","72.44211","Forbes, J. Randy"
"Virginia  4","12","81.20000","Forbes, J. Randy"
"Virginia  4","14","73.90000","Forbes, J. Randy"
"Virginia  5","10","72.99524","Perriello, Tom S. P. "
"Virginia  5","12","78.90000","Hurt, Robert"
"Virginia  5","14","73.80000","Hurt, Robert"
"Virginia  6","10","73.80000","Goodlatte, Robert W. ""Bob"""
"Virginia  6","12","80.12632","Goodlatte, Robert W. ""Bob"""
"Virginia  6","14","77.10000","Goodlatte, Robert W. ""Bob"""
"Virginia  6","16","77.20000","Goodlatte, Robert W. ""Bob"""
"Virginia  7","10","73.20000","Cantor, Eric I."
"Virginia  7","12","80.63333","Cantor, Eric I."
"Virginia  7","16","75.30000","Brat, David A."
"Virginia  8","10","72.80000","Moran, James P. ""Jim,"" Jr."
"Virginia  8","12","81.30000","Moran, James P. ""Jim,"" Jr."
"Virginia  8","16","77.80000","Beyer, Donald S., Jr."
"Virginia  9","10","73.10000","Boucher, Rick C."
"Virginia  9","12","80.00000","Griffith, H. Morgan"
"Virginia  9","14","76.84762","Griffith, H. Morgan "
"Virginia  9","16","78.30000","Griffith, H. Morgan"
"Virginia 10","10","73.40000","Wolf, Frank R."
"Virginia 10","12","81.20000","Wolf, Frank R."
"Virginia 10","16","78.31053","Comstock, Barbara Jean"
"Virginia 11","10","73.30000","Connolly, Gerald E. ""Gerry"""
"Virginia 11","12","82.50000","Connolly, Gerald E. ""Gerry"""
"Virginia 11","14","77.90000","Connolly, Gerald E. ""Gerry"""
"Virginia 11","16","78.48571","Connolly, G. E. ""Gerry"""
"Washington  1","10","71.20000","Inslee, Jay"
"Washington  1","14","78.00000","DelBene, Suzan"
"Washington  1","16","77.90000","DelBene, Suzan"
"Washington  2","10","71.69474","Larsen, Rick"
"Washington  2","12","81.40000","Larsen, Rick"
"Washington  2","14","78.40000","Larsen, Rick"
"Washington  2","16","78.90000","Larsen, Rick"
"Washington  3","12","82.60000","Beutler, Jaime Herrera"
"Washington  3","14","79.10000","Beutler, Jaime Herrera"
"Washington  3","16","78.80000","Beutler, Jaime Herrera"
"Washington  4","10","72.90000","Hastings, Doc"
"Washington  4","12","82.72105","Hastings, Doc"
"Washington  4","16","79.20000","Newhouse, Dan"
"Washington  5","10","71.00000","Rodgers, Cathy McMorris"
"Washington  5","12","83.18571","Rodgers, Cathy McMorris"
"Washington  5","14","76.50000","Rodgers, Cathy McMorris"
"Washington  5","16","78.60000","Rodgers, Cathy McMorris"
"Washington  6","10","71.40000","Dicks, Norm"
"Washington  6","14","73.69474","Kilmer, Derek "
"Washington  6","16","70.70000","Kilmer, Derek"
"Washington  7","10","71.40000","McDermott, Jim"
"Washington  7","12","84.10000","McDermott, Jim"
"Washington  7","14","70.69524","McDermott, Jim"
"Washington  8","10","72.90000","Reichert, Dave"
"Washington  8","12","82.70000","Reichert, Dave"
"Washington  8","14","68.60000","Reichert, Dave"
"Washington  8","16","69.65789","Reichert, Dave"
"Washington  9","10","72.50000","Smith, Adam"
"Washington  9","12","83.10000","Smith, Adam"
"Washington  9","14","67.20000","Smith, Adam"
"Washington  9","16","70.89524","Smith, Adam"
"West Virginia  1","10","79.10000","Mollohan, Alan B."
"West Virginia  1","12","84.20000","McKinley, David B."
"West Virginia  1","14","67.80000","McKinley, David B. "
"West Virginia  1","16","72.60000","McKinley, David B."
"West Virginia  2","10","76.81579","Capito, Shelley Moore"
"West Virginia  2","12","84.30000","Capito, Shelley Moore"
"West Virginia  2","16","71.10000","Mooney, Alex X."
"West Virginia  3","10","75.70476","Rahall, Nick Joe, II"
"West Virginia  3","12","82.00000","Rahall, Nick J., II"
"West Virginia  3","14","67.90000","Rahall, Nick J., II"
"West Virginia  3","16","71.20000","Jenkins, Evan "
"Wisconsin  1","10","75.30000","Ryan, Paul"
"Wisconsin  1","12","81.67619","Ryan, Paul"
"Wisconsin  1","14","76.10000","Ryan, Paul"
"Wisconsin  1","16","72.30000","Ryan, Paul"
"Wisconsin  2","10","74.10000","Baldwin, Tammy"
"Wisconsin  2","14","75.84737","Pocan, Mark"
"Wisconsin  2","16","71.00000","Pocan, Mark"
"Wisconsin  3","10","74.80000","Kind, Ron"
"Wisconsin  3","12","80.30000","Kind, Ron"
"Wisconsin  3","14","75.65238","Kind, Ron "
"Wisconsin  3","16","68.40000","Kind, Ron "
"Wisconsin  4","10","73.90000","Moore, Gwen"
"Wisconsin  4","12","81.20000","Moore, Gwen"
"Wisconsin  4","14","75.30000","Moore, Gwen"
"Wisconsin  4","16","67.09474","Moore, Gwen S."
"Wisconsin  5","10","74.30000","Sensenbrenner, F. James, Jr."
"Wisconsin  5","12","81.40000","Sensenbrenner, F. James, Jr."
"Wisconsin  5","14","75.50000","Sensenbrenner, F. James., Jr."
"Wisconsin  5","16","65.03810","Sensenbrenner, F. James., Jr."
"Wisconsin  6","10","74.90000","Petri, Tom"
"Wisconsin  6","12","81.30000","Petri, Tom "
"Wisconsin  6","16","63.90000","Grothman, Glenn"
"Wisconsin  7","12","79.70000","Duffy, Sean"
"Wisconsin  7","14","76.90000","Duffy, Sean"
"Wisconsin  7","16","62.30000","Duffy, Sean"
"Wisconsin  8","10","75.61053","Kagen, Steven L."
"Wisconsin  8","12","82.80000","Ribble, Reid J."
"Wisconsin  8","14","76.80000","Ribble, Reid J."
"Wyoming  0","10","76.00000","Lummis, Cynthia M."
"Wyoming  0","12","80.07368","Lummis, Cynthia M."
"Wyoming  0","14","76.00000","Lummis, Cynthia"
